-0.036748999999999976,0.018487000000000142,2023-02-25 17:25:30.325174,-0.00718599999999997,0.010172999999999988,2023-02-25 17:25:48.611191,-0.028537000000000035,0.011007999999999907,2023-02-25 17:25:40.508650
-0.03654299999999999,0.012462000000000084,2023-02-25 17:25:10.974711,-0.008006999999999986,0.010384999999999978,2023-02-25 17:25:33.650922,-0.025457000000000007,0.025131000000000014,2023-02-25 17:25:21.100309
-0.03428500000000001,0.013707999999999942,2023-02-25 17:24:37.654796,-0.009238999999999997,0.005193000000000003,2023-02-25 17:25:13.298312,-0.028537000000000035,0.02056200000000008,2023-02-25 17:25:04.762381
-0.04372899999999996,0.008931000000000022,2023-02-25 17:24:07.987640,-0.006363999999999981,0.009766000000000052,2023-02-25 17:24:57.652209,-0.03038500000000005,0.011004000000000014,2023-02-25 17:24:49.604680
-0.038186,0.013706000000000107,2023-02-25 17:23:52.960763,-0.007595999999999992,0.008517999999999915,2023-02-25 17:24:41.516923,-0.02361000000000002,0.016823000000000032,2023-02-25 17:24:30.994177
-0.04290699999999997,0.00415500000000002,2023-02-25 17:23:32.396143,-0.007390999999999981,0.012046999999999919,2023-02-25 17:24:24.581354,-0.031001,0.005605000000000082,2023-02-25 17:24:17.279414
-0.041059999999999985,0.007684999999999942,2023-02-25 17:23:15.486895,-0.010058999999999985,0.011839000000000044,2023-02-25 17:24:10.522900,-0.028125999999999984,0.016823000000000032,2023-02-25 17:24:02.141221
-0.04106000000000004,0.0020769999999999955,2023-02-25 17:22:59.107126,-0.007801999999999976,0.00934899999999994,2023-02-25 17:23:55.522210,-0.03120600000000001,0.015784999999999938,2023-02-25 17:23:45.742381
-0.041266000000000025,0.005815000000000015,2023-02-25 17:22:42.297878,-0.008417000000000008,0.011628000000000083,2023-02-25 17:23:35.382342,-0.027920999999999974,0.019523000000000068,2023-02-25 17:23:26.138759
-0.041264999999999996,0.012672000000000017,2023-02-25 17:22:20.208484,-0.011907000000000001,-0.0022839999999999527,2023-02-25 17:23:18.666236,-0.027098999999999984,0.013496000000000064,2023-02-25 17:23:08.847368
-0.04044399999999998,0.014123000000000108,2023-02-25 17:21:08.908569,-0.004516999999999993,0.010176999999999992,2023-02-25 17:23:01.576339,-0.022992999999999986,-0.0049799999999999844,2023-02-25 17:22:52.387534
-0.037775,0.014125999999999972,2023-02-25 17:20:51.400929,-0.0063650000000000095,0.014331000000000094,2023-02-25 17:22:45.521502,-0.02566299999999999,0.014537000000000022,2023-02-25 17:22:32.305537
-0.04249699999999995,0.01246399999999992,2023-02-25 17:18:29.903592,-0.00513199999999997,0.011836000000000069,2023-02-25 17:22:24.374883,-0.03202700000000003,0.02014299999999991,2023-02-25 17:22:12.418058
-0.03756999999999999,0.019317999999999946,2023-02-25 17:18:08.641896,-0.0045159999999999645,0.011211000000000082,2023-02-25 17:22:06.554835,-0.026278999999999997,0.009553999999999951,2023-02-25 17:21:56.298268
-0.04064899999999999,0.017653999999999948,2023-02-25 17:17:48.192550,-0.007184999999999997,0.017239000000000004,2023-02-25 17:21:50.044395,-0.029357999999999995,0.013295000000000057,2023-02-25 17:21:39.915025
-0.041881,0.014749000000000012,2023-02-25 17:17:29.554402,-0.006979999999999986,0.014954000000000023,2023-02-25 17:21:33.118980,-0.03387399999999996,0.013085000000000013,2023-02-25 17:21:22.729290
-0.04331799999999997,0.014330999999999983,2023-02-25 17:17:09.234918,-0.010059999999999958,0.007476999999999956,2023-02-25 17:21:13.738953,-0.034901000000000015,0.015785999999999967,2023-02-25 17:21:01.326698
-0.04721900000000001,0.010176999999999992,2023-02-25 17:16:30.622637,-0.004311000000000009,0.012875999999999999,2023-02-25 17:20:54.453798,-0.027098999999999984,0.015788000000000024,2023-02-25 17:20:46.142936
-0.03982800000000003,0.013500999999999985,2023-02-25 17:16:14.216325,-0.004926999999999959,0.011008000000000018,2023-02-25 17:20:38.422623,-0.026483000000000034,-0.0006229999999999292,2023-02-25 17:20:30.639552
-0.041880999999999946,0.006024000000000029,2023-02-25 17:15:53.953557,-0.009032999999999958,0.004573999999999967,2023-02-25 17:18:50.144010,-0.035721999999999976,0.012042000000000108,2023-02-25 17:18:39.516192
-0.03900699999999996,0.01786499999999991,2023-02-25 17:15:36.635487,-0.010059999999999958,0.007689000000000057,2023-02-25 17:18:32.468000,-0.03654299999999999,0.030949000000000004,2023-02-25 17:18:21.756029
-0.04147099999999998,0.009343000000000101,2023-02-25 17:14:48.855769,-0.004722000000000004,0.011631000000000058,2023-02-25 17:18:11.967053,-0.03839099999999995,0.02284799999999998,2023-02-25 17:17:59.934789
-0.04331799999999997,0.013915999999999928,2023-02-25 17:14:30.636946,-0.01211300000000004,0.008099999999999996,2023-02-25 17:17:51.902012,-0.033463999999999994,0.015164000000000066,2023-02-25 17:17:39.558515
-0.045987,0.013082999999999956,2023-02-25 17:14:11.434650,-0.009032999999999958,0.012461999999999973,2023-02-25 17:17:32.713967,-0.027305000000000024,0.023050999999999933,2023-02-25 17:17:20.232233
-0.03839100000000001,0.009970000000000034,2023-02-25 17:13:49.096083,-0.006569999999999965,0.00726899999999997,2023-02-25 17:17:12.013162,-0.039622999999999964,0.01640800000000009,2023-02-25 17:17:02.057722
-0.04393399999999997,0.010800000000000032,2023-02-25 17:12:59.976254,-0.00615899999999997,0.010176999999999992,2023-02-25 17:16:55.455293,-0.03325900000000004,0.004569000000000045,2023-02-25 17:16:41.910775
-0.047218999999999955,0.011012000000000022,2023-02-25 17:12:27.448417,-0.007801000000000002,0.003738000000000019,2023-02-25 17:16:34.475701,-0.026073000000000013,0.016616000000000075,2023-02-25 17:16:23.144763
-0.03962300000000002,0.008931000000000022,2023-02-25 17:12:10.377726,-0.006363999999999981,0.011216000000000004,2023-02-25 17:16:16.897123,-0.024431000000000036,0.01287500000000008,2023-02-25 17:16:05.829486
-0.041264999999999996,0.026793000000000067,2023-02-25 17:10:59.562340,-0.011085999999999985,0.009556999999999927,2023-02-25 17:15:57.181729,-0.027305000000000024,0.013912000000000146,2023-02-25 17:15:45.890786
-0.04475600000000002,0.0016600000000002169,2023-02-25 17:10:42.619924,-0.0067749999999999755,0.016411999999999982,2023-02-25 17:15:39.260590,-0.029563000000000006,0.017650000000000055,2023-02-25 17:15:30.480208
-0.04393400000000003,0.014326999999999979,2023-02-25 17:10:27.299368,-0.007596000000000047,0.011838999999999933,2023-02-25 17:15:20.669867,-0.025251999999999997,0.010803999999999925,2023-02-25 17:15:12.394814
-0.04393399999999997,0.006649999999999934,2023-02-25 17:10:11.200888,-0.008211999999999997,0.01246399999999992,2023-02-25 17:15:05.497810,-0.026893999999999973,0.011630999999999947,2023-02-25 17:14:58.494051
-0.04578199999999999,0.012253999999999987,2023-02-25 17:09:54.750874,-0.008621999999999963,0.011839000000000044,2023-02-25 17:14:51.828027,-0.02976899999999999,0.01807100000000006,2023-02-25 17:14:40.743629
-0.041881,0.003946000000000005,2023-02-25 17:09:24.876665,-0.0065689999999999915,0.012461999999999973,2023-02-25 17:14:33.906186,-0.030795000000000017,0.015369999999999884,2023-02-25 17:14:22.852266
-0.04044399999999998,0.006024999999999947,2023-02-25 17:08:22.940583,-0.008828000000000003,0.011839000000000044,2023-02-25 17:14:14.726463,-0.03839100000000001,0.022432000000000007,2023-02-25 17:14:00.712396
-0.042291999999999996,0.0041599999999999415,2023-02-25 17:08:05.023106,-0.0061590000000000256,0.006440000000000001,2023-02-25 17:13:52.016418,-0.035106000000000026,0.017654999999999976,2023-02-25 17:13:42.729836
-0.038186,0.016820000000000057,2023-02-25 17:07:46.001843,-0.008006999999999986,0.013085000000000013,2023-02-25 17:13:34.918772,-0.028742000000000045,0.012461999999999973,2023-02-25 17:13:27.761593
-0.046603000000000006,0.01391600000000004,2023-02-25 17:07:00.422751,-0.008006999999999986,0.011424999999999907,2023-02-25 17:13:21.011184,-0.03120600000000001,0.011843000000000048,2023-02-25 17:13:10.559049
-0.040854999999999975,0.011422999999999961,2023-02-25 17:06:42.843394,-0.006569999999999965,0.012461999999999973,2023-02-25 17:13:02.991428,-0.03223200000000004,0.020354000000000094,2023-02-25 17:12:53.622191
-0.04044399999999998,0.005818000000000101,2023-02-25 17:06:26.584021,-0.006363999999999981,0.00913799999999998,2023-02-25 17:12:46.465577,-0.03038500000000005,0.013293,2023-02-25 17:12:39.013906
-0.038186,0.018900999999999946,2023-02-25 17:05:52.944092,-0.007596000000000047,0.010592000000000046,2023-02-25 17:12:30.582798,-0.03572200000000003,0.015786999999999995,2023-02-25 17:12:20.300193
-0.040034000000000014,0.018280000000000074,2023-02-25 17:05:34.824549,-0.004720999999999975,0.018484999999999974,2023-02-25 17:12:13.318180,-0.02812600000000004,0.01557799999999998,2023-02-25 17:12:01.292570
-0.03551700000000002,0.011003999999999903,2023-02-25 17:04:27.125671,0.0030789999999999984,-0.02201400000000009,2023-02-25 17:11:52.338443,-0.032848000000000044,0.010384999999999978,2023-02-25 17:11:43.691003
-0.042703000000000046,0.017030999999999907,2023-02-25 17:03:54.924936,-0.009033999999999986,0.00789200000000001,2023-02-25 17:11:37.657155,-0.03551700000000002,0.011007999999999907,2023-02-25 17:11:25.836287
-0.03941799999999995,0.020563999999999916,2023-02-25 17:03:06.587477,-0.008006999999999986,0.008099999999999996,2023-02-25 17:11:18.745357,-0.029563000000000006,0.009762000000000048,2023-02-25 17:11:10.519368
-0.04434499999999997,0.01682400000000006,2023-02-25 17:02:15.978324,-0.009648999999999963,0.01329199999999997,2023-02-25 17:11:02.318933,-0.035516999999999965,0.024507999999999974,2023-02-25 17:10:52.876170
-0.04311299999999996,0.003322999999999965,2023-02-25 17:01:57.467750,-0.007801000000000002,0.012672000000000017,2023-02-25 17:10:45.619471,-0.02771600000000002,0.014954000000000023,2023-02-25 17:10:36.864574
-0.03900699999999996,0.030119000000000007,2023-02-25 17:01:39.778399,-0.011291999999999969,0.007476999999999956,2023-02-25 17:10:29.891570,-0.03490099999999996,0.020770000000000066,2023-02-25 17:10:21.314018
-0.041264999999999996,0.014953999999999912,2023-02-25 17:01:21.939012,-0.006979999999999986,0.007062000000000013,2023-02-25 17:10:14.092639,-0.036132,0.015573000000000059,2023-02-25 17:10:03.999637
-0.038186,0.016198000000000046,2023-02-25 17:01:06.588843,-0.005747999999999975,0.013500000000000068,2023-02-25 17:09:57.791041,-0.030588999999999977,0.014539999999999886,2023-02-25 17:09:48.617581
-0.03387399999999996,0.01620100000000002,2023-02-25 17:00:22.409642,-0.0067749999999999755,0.010593000000000075,2023-02-25 17:09:42.700834,-0.02648299999999998,0.006231999999999904,2023-02-25 17:09:35.960584
-0.03941800000000001,0.0012460000000000804,2023-02-25 16:59:52.011724,-0.007184999999999997,0.011422999999999961,2023-02-25 17:09:28.426983,-0.027920999999999974,0.015369999999999995,2023-02-25 17:09:18.734450
-0.04454999999999998,0.00851500000000005,2023-02-25 16:59:36.990164,-0.004722000000000004,0.012463000000000002,2023-02-25 17:09:12.093067,-0.026278999999999997,0.0031200000000000117,2023-02-25 17:09:04.755420
-0.03962300000000002,0.008515999999999968,2023-02-25 16:59:16.993857,-0.005953999999999959,0.011214999999999975,2023-02-25 17:08:57.996837,-0.027510000000000034,-0.0006299999999999084,2023-02-25 17:08:49.733475
-0.040032999999999985,0.007272000000000056,2023-02-25 16:58:15.330864,-0.008417000000000008,0.008724999999999983,2023-02-25 17:08:43.143495,-0.03141099999999997,0.012254000000000098,2023-02-25 17:08:32.970087
-0.041676000000000046,0.012253999999999987,2023-02-25 16:52:12.715551,-0.00513199999999997,0.011214999999999975,2023-02-25 17:08:26.256837,-0.023404000000000036,0.014534000000000047,2023-02-25 17:08:14.638134
-0.04106000000000004,0.008931000000000022,2023-02-25 16:51:21.808723,-0.00615899999999997,0.014124000000000025,2023-02-25 17:08:07.736230,-0.025457000000000007,0.016403999999999974,2023-02-25 17:07:57.318466
-0.03921199999999997,0.014330999999999983,2023-02-25 16:51:03.868343,-0.007184999999999997,0.014747000000000066,2023-02-25 17:07:49.863014,-0.03202700000000003,0.018276999999999877,2023-02-25 17:07:39.258647
-0.03839099999999995,0.02035699999999996,2023-02-25 16:50:29.857937,-0.007595999999999992,0.01101300000000005,2023-02-25 17:07:32.185751,-0.02812600000000004,0.010803999999999925,2023-02-25 17:07:24.980630
-0.03551599999999999,0.018278000000000016,2023-02-25 16:49:59.118590,-0.01149699999999998,0.011422999999999961,2023-02-25 17:07:17.150722,-0.02792,0.01204700000000003,2023-02-25 17:07:10.600972
-0.03613299999999997,0.009345999999999965,2023-02-25 16:49:42.231000,-0.008416999999999952,0.008516000000000079,2023-02-25 17:07:03.880729,-0.03120600000000001,0.019942000000000015,2023-02-25 17:06:53.107286
-0.04147099999999998,0.00809800000000005,2023-02-25 16:49:23.809938,-0.007391000000000036,0.007891999999999899,2023-02-25 17:06:45.882592,-0.028742000000000045,0.017861999999999933,2023-02-25 17:06:37.395702
-0.03428500000000001,0.022427000000000086,2023-02-25 16:48:33.121906,-0.008211999999999997,0.009553999999999951,2023-02-25 17:06:29.523293,-0.029563000000000006,0.016614999999999935,2023-02-25 17:06:18.011444
-0.03839099999999995,0.00997300000000001,2023-02-25 16:46:58.601902,-0.010880999999999974,0.012257999999999991,2023-02-25 17:06:11.070600,-0.03284799999999999,0.009552000000000005,2023-02-25 17:06:02.989321
-0.02340399999999998,0.012465999999999977,2023-02-25 16:46:40.883205,-0.008828000000000003,0.014745999999999926,2023-02-25 17:05:55.800369,-0.03223199999999998,0.014123999999999914,2023-02-25 17:05:45.095132
-0.041881,0.00581799999999999,2023-02-25 16:46:23.034312,-0.009032999999999958,0.011216000000000004,2023-02-25 17:05:37.758105,-0.03058999999999995,0.014745999999999926,2023-02-25 17:05:27.520159
-0.03962300000000002,0.02056200000000008,2023-02-25 16:46:04.025048,-0.009853999999999974,0.00789200000000001,2023-02-25 17:05:19.978628,-0.026688999999999963,0.01204700000000003,2023-02-25 17:05:11.827117
-0.042086999999999986,0.0026999999999999247,2023-02-25 16:45:47.333723,-0.007390999999999981,0.007059999999999955,2023-02-25 17:05:05.712442,-0.026278999999999997,0.008514000000000022,2023-02-25 17:04:55.562473
-0.04311299999999996,0.013496000000000064,2023-02-25 16:45:25.625934,-0.006979999999999986,0.014124000000000025,2023-02-25 17:04:47.560571,-0.03366899999999995,0.012255999999999934,2023-02-25 17:04:36.670108
-0.04413999999999996,0.012877000000000027,2023-02-25 16:45:04.555562,-0.010676000000000019,0.006231000000000098,2023-02-25 17:04:29.637852,-0.026688999999999963,0.018278000000000016,2023-02-25 17:04:18.491121
-0.033463999999999994,0.01869299999999996,2023-02-25 16:44:42.805896,-0.007801000000000002,0.013293,2023-02-25 17:04:11.338091,-0.027100000000000013,0.010385000000000089,2023-02-25 17:04:03.899533
-0.035311999999999955,0.02264099999999991,2023-02-25 16:43:39.556648,-0.00718599999999997,0.012252000000000152,2023-02-25 17:03:57.673547,-0.02361000000000002,0.017239000000000004,2023-02-25 17:03:49.342997
-0.03141100000000002,0.020769999999999955,2023-02-25 16:43:18.916214,-0.008416999999999952,0.010593000000000075,2023-02-25 17:03:42.830148,-0.030588999999999977,0.009553000000000145,2023-02-25 17:03:32.524380
-0.04475499999999999,-0.003730000000000011,2023-02-25 16:42:47.480098,-0.011907000000000001,0.00726899999999997,2023-02-25 17:03:25.123821,-0.024841000000000002,0.009762000000000048,2023-02-25 17:03:16.182650
-0.04003399999999996,0.006649999999999934,2023-02-25 16:42:14.527906,-0.008211999999999997,0.012461999999999973,2023-02-25 17:03:09.208154,-0.03839099999999995,0.016616000000000075,2023-02-25 17:02:58.626037
-0.04064899999999999,0.012254999999999905,2023-02-25 16:41:17.058317,-0.009033000000000013,0.012461999999999973,2023-02-25 17:02:52.088172,-0.02340399999999998,0.0,2023-02-25 17:02:44.405594
-0.03633799999999998,0.020562999999999998,2023-02-25 16:40:57.479826,-0.009033000000000013,0.008724000000000065,2023-02-25 17:02:37.348486,-0.02853699999999998,0.007688999999999946,2023-02-25 17:02:26.481674
-0.043318999999999996,0.01246500000000006,2023-02-25 16:40:40.449360,-0.009444000000000008,0.004153999999999991,2023-02-25 17:02:18.689838,-0.03428500000000001,0.015582000000000096,2023-02-25 17:02:08.263685
-0.04865599999999998,0.007062000000000013,2023-02-25 16:39:37.659960,-0.008211999999999997,0.013085000000000013,2023-02-25 17:02:00.677879,-0.028947,0.013500999999999985,2023-02-25 17:01:51.464928
-0.03325800000000001,0.01869299999999996,2023-02-25 12:36:33.779789,-0.006979999999999986,0.01225300000000007,2023-02-25 17:01:42.900168,-0.039827999999999975,0.024302000000000046,2023-02-25 17:01:31.793555
-0.037775999999999976,0.02534000000000003,2023-02-25 12:35:01.959735,-0.008417999999999981,0.009346999999999994,2023-02-25 17:01:24.958366,-0.02443099999999998,0.014334999999999987,2023-02-25 17:01:15.613092
-0.03428500000000001,0.006023000000000001,2023-02-25 12:34:30.362587,-0.009648999999999963,0.013502999999999932,2023-02-25 17:01:09.405890,-0.020118999999999998,0.01557799999999998,2023-02-25 17:01:00.012179
-0.044138999999999984,0.014538999999999969,2023-02-25 12:34:13.485400,-0.006363999999999981,0.012673000000000045,2023-02-25 17:00:52.853392,-0.027304999999999968,0.007893000000000039,2023-02-25 17:00:45.549559
-0.03633799999999998,0.01017800000000002,2023-02-25 12:33:54.570855,-0.009237999999999968,0.01267000000000007,2023-02-25 17:00:38.211657,-0.03079499999999996,0.011838000000000126,2023-02-25 17:00:31.521539
-0.043318999999999996,0.012252999999999958,2023-02-25 12:33:22.991627,-0.009032999999999958,0.009970000000000034,2023-02-25 17:00:25.286997,-0.03017900000000001,0.016614999999999935,2023-02-25 17:00:14.766287
-0.039827999999999975,0.019108000000000014,2023-02-25 12:31:14.724328,-0.008828000000000003,0.008722999999999925,2023-02-25 17:00:07.821425,-0.028125999999999984,0.01204700000000003,2023-02-25 17:00:01.466962
-0.03715999999999997,0.005191999999999974,2023-02-25 12:30:40.934559,-0.008006999999999986,0.011422999999999961,2023-02-25 16:59:55.075372,-0.026688999999999963,0.012465999999999977,2023-02-25 16:59:46.452722
-0.04023899999999997,0.003741999999999912,2023-02-25 12:30:07.564508,-0.006979999999999986,0.012465999999999977,2023-02-25 16:59:39.959125,-0.03058999999999995,0.019527000000000072,2023-02-25 16:59:28.870465
-0.039622999999999964,0.010384999999999978,2023-02-25 12:29:34.474677,-0.008211999999999997,0.007477000000000067,2023-02-25 16:59:20.421949,-0.026688999999999963,0.014957999999999916,2023-02-25 16:59:10.580801
-0.03202699999999997,0.022016000000000036,2023-02-25 12:29:16.445874,-0.0067749999999999755,0.01080100000000006,2023-02-25 16:59:03.660376,-0.027715999999999963,0.008519999999999972,2023-02-25 16:58:57.087068
-0.03325899999999998,0.022016999999999953,2023-02-25 12:28:12.476129,-0.008211999999999997,0.010803999999999925,2023-02-25 16:58:50.815400,-0.027099999999999957,0.010386999999999924,2023-02-25 16:58:40.647655
-0.04270199999999996,0.01017800000000002,2023-02-25 12:27:54.748276,-0.009237999999999968,0.0062309999999999865,2023-02-25 16:58:34.445574,-0.029563000000000006,0.013292999999999888,2023-02-25 16:58:25.552131
-0.042907999999999946,0.006023000000000001,2023-02-25 12:26:21.719909,-0.01046999999999998,0.010796000000000028,2023-02-25 16:58:18.394634,-0.027920999999999974,0.020768999999999926,2023-02-25 16:58:06.465838
-0.037159,0.022639000000000076,2023-02-25 12:25:47.750629,-0.008006999999999986,0.011008000000000018,2023-02-25 16:57:59.198366,-0.02874199999999999,0.010800000000000032,2023-02-25 16:57:50.443025
-0.045370999999999995,0.00395000000000012,2023-02-25 12:25:28.238608,-0.009853999999999974,0.007893000000000039,2023-02-25 16:57:44.184758,-0.027920999999999974,0.004569999999999963,2023-02-25 16:57:35.471340
-0.04988799999999999,0.009763000000000077,2023-02-25 09:42:32.758184,-0.005542999999999965,0.008516000000000079,2023-02-25 16:57:29.809012,-0.02812600000000004,-0.0010399999999999299,2023-02-25 16:57:21.297143
-0.04557699999999998,0.009974000000000038,2023-02-25 09:27:23.435880,-0.008622999999999992,0.01058900000000007,2023-02-25 16:57:13.865319,-0.027305000000000024,0.008099999999999885,2023-02-25 16:57:04.055400
-0.047835000000000016,0.004357999999999973,2023-02-25 09:27:03.386656,-0.009033999999999986,0.011630999999999947,2023-02-25 16:56:56.715091,-0.03017900000000001,0.007688999999999946,2023-02-25 16:56:47.945170
-0.048450999999999966,0.0064390000000000835,2023-02-25 09:26:46.384356,-0.007390999999999981,0.014333999999999958,2023-02-25 16:52:34.346527,-0.03223199999999998,0.007476999999999956,2023-02-25 16:52:24.262051
-0.04660399999999998,0.003947000000000034,2023-02-25 09:26:28.125467,-0.008006999999999986,0.008099999999999996,2023-02-25 16:52:15.732017,-0.03531200000000001,0.017862000000000045,2023-02-25 16:52:04.635039
-0.045987,0.010386999999999924,2023-02-25 09:26:10.824060,-0.008622999999999992,0.015370000000000106,2023-02-25 16:51:57.793839,-0.029357999999999995,0.007893000000000039,2023-02-25 16:51:46.564296
-0.04311299999999996,0.013086000000000042,2023-02-25 09:25:52.886181,-0.009648999999999963,0.012046000000000001,2023-02-25 16:51:39.286182,-0.02812600000000004,0.008095999999999992,2023-02-25 16:51:32.024362
-0.04455099999999995,0.012674999999999992,2023-02-25 09:25:32.450095,-0.009032999999999958,0.014954000000000023,2023-02-25 16:51:24.691387,-0.026072999999999957,0.013292000000000082,2023-02-25 16:51:13.267774
-0.04721900000000001,0.009556000000000009,2023-02-25 09:25:14.905149,-0.007390999999999981,0.01080100000000006,2023-02-25 16:51:06.398932,-0.021762000000000004,0.014326999999999979,2023-02-25 16:50:56.987795
-0.039213,0.011839000000000044,2023-02-25 09:24:54.656128,-0.008006999999999986,0.014747000000000066,2023-02-25 16:50:50.396349,-0.026277999999999968,0.007687999999999917,2023-02-25 16:50:40.531464
-0.04434499999999997,0.00499000000000005,2023-02-25 09:24:36.027086,-0.007390999999999981,0.013500999999999985,2023-02-25 16:50:32.767801,-0.028742000000000045,0.02284700000000006,2023-02-25 16:50:22.219734
-0.03613299999999997,0.01288200000000006,2023-02-25 09:24:16.456613,-0.005749000000000004,0.014954000000000023,2023-02-25 16:50:16.470322,-0.03141100000000002,0.012672000000000128,2023-02-25 16:50:09.456783
-0.041881,0.012461999999999973,2023-02-25 09:24:00.216496,-0.007390999999999981,0.010593000000000075,2023-02-25 16:50:01.594740,-0.022582999999999964,0.008519999999999972,2023-02-25 16:49:52.142433
-0.03633799999999998,0.013295999999999975,2023-02-25 09:23:41.626923,-0.005747999999999975,0.01267000000000007,2023-02-25 16:49:45.006895,-0.022994000000000014,0.017861999999999933,2023-02-25 16:49:35.696063
-0.044550000000000034,0.0022840000000000638,2023-02-25 09:23:23.299796,-0.0067749999999999755,0.011634999999999951,2023-02-25 16:49:27.483217,-0.02874199999999999,0.024924000000000057,2023-02-25 16:49:16.224070
-0.039622999999999964,0.020981000000000027,2023-02-25 09:23:05.037763,-0.007801000000000002,0.01474399999999998,2023-02-25 16:49:09.147554,-0.028537000000000035,0.011003999999999903,2023-02-25 16:48:58.424238
-0.046192999999999984,0.012458999999999998,2023-02-25 09:22:46.219982,-0.007390999999999981,0.01453900000000008,2023-02-25 16:48:51.172028,-0.031205999999999956,0.010803999999999925,2023-02-25 16:48:42.854589
-0.039622999999999964,0.022221000000000046,2023-02-25 09:22:29.907775,-0.007390999999999981,0.012665999999999955,2023-02-25 16:48:35.853124,-0.03017900000000001,0.017858999999999958,2023-02-25 16:48:23.766870
-0.04680799999999996,0.010597000000000079,2023-02-25 09:22:10.591080,-0.01149699999999998,0.008307999999999982,2023-02-25 16:48:17.195541,-0.03325899999999998,0.011634999999999951,2023-02-25 16:48:09.321942
-0.04372899999999996,0.004150000000000098,2023-02-25 09:21:51.759655,-0.00718599999999997,0.015369999999999995,2023-02-25 16:48:02.788331,-0.03120600000000001,0.012257000000000073,2023-02-25 16:47:52.890090
-0.038186,0.011421999999999932,2023-02-25 09:21:33.389056,-0.01170199999999999,0.007269999999999999,2023-02-25 16:47:44.990856,-0.03182199999999996,0.0010390000000000121,2023-02-25 16:47:38.221409
-0.041059999999999985,0.00913699999999995,2023-02-25 09:21:13.059709,-0.0067749999999999755,0.013293,2023-02-25 16:47:31.483787,-0.028536000000000006,0.007476000000000038,2023-02-25 16:47:23.350861
-0.045370999999999995,0.007062000000000013,2023-02-25 09:20:54.669771,-0.005747999999999975,0.01640800000000009,2023-02-25 16:47:16.512068,-0.03161599999999998,0.008308000000000093,2023-02-25 16:47:09.668539
-0.04167599999999999,0.004357999999999973,2023-02-25 09:20:35.550188,-0.00513199999999997,0.011630999999999947,2023-02-25 16:47:01.649954,-0.026895000000000002,0.01308700000000007,2023-02-25 16:46:50.611681
-0.04475599999999996,0.00726899999999997,2023-02-25 09:20:17.719725,-0.006569999999999965,0.012669999999999959,2023-02-25 16:46:43.461706,-0.025868000000000002,0.019311999999999996,2023-02-25 16:46:34.378366
-0.04598799999999997,0.006441999999999948,2023-02-25 09:20:00.735687,-0.008006999999999986,0.01391600000000004,2023-02-25 16:46:25.857200,-0.030383999999999967,0.015992999999999924,2023-02-25 16:46:15.374266
-0.049066,0.00996700000000006,2023-02-25 09:19:39.930962,-0.005953999999999959,0.014124999999999943,2023-02-25 16:46:06.851942,-0.03633799999999998,0.018488999999999978,2023-02-25 16:45:57.010573
-0.04454999999999998,0.009760999999999909,2023-02-25 09:19:18.671220,-0.0069809999999999595,0.013085999999999931,2023-02-25 16:45:50.070117,-0.028125999999999984,0.019108000000000014,2023-02-25 16:45:39.528812
-0.042086999999999986,0.018069,2023-02-25 09:18:58.352037,0.01067499999999999,-0.014538000000000051,2023-02-25 16:45:28.618582,-0.03798099999999999,0.020144999999999857,2023-02-25 16:45:17.704148
-0.046603000000000006,0.007476999999999956,2023-02-25 09:18:37.922889,-0.009444000000000008,0.007269999999999999,2023-02-25 16:45:08.322540,-0.039213,0.022434999999999983,2023-02-25 16:44:54.923438
-0.04475499999999999,0.00934899999999994,2023-02-25 09:18:20.922180,-0.007390999999999981,0.009970000000000034,2023-02-25 16:44:46.585145,-0.025457000000000007,0.014959000000000056,2023-02-25 16:44:35.889541
-0.045370999999999995,0.008104,2023-02-25 09:18:01.102268,-0.007801999999999976,0.010592999999999964,2023-02-25 16:44:27.428569,-0.028125999999999984,0.011626000000000025,2023-02-25 16:44:18.406885
-0.042908,0.016619999999999968,2023-02-25 09:17:45.762001,-0.008417000000000008,0.008099999999999996,2023-02-25 16:44:11.795070,-0.026893999999999973,0.009766000000000052,2023-02-25 16:44:05.304642
-0.04331799999999997,0.010175000000000045,2023-02-25 09:17:29.163219,-0.004927000000000015,0.01204700000000003,2023-02-25 16:43:57.978927,-0.03284799999999999,0.00913800000000009,2023-02-25 16:43:49.129112
-0.047835000000000016,0.009554000000000062,2023-02-25 09:17:09.433199,-0.01046999999999998,0.006024000000000029,2023-02-25 16:43:41.987427,-0.03941799999999995,0.02264099999999991,2023-02-25 16:43:29.946981
-0.045370999999999995,0.0014540000000000664,2023-02-25 09:16:49.363729,-0.010058999999999985,0.010800000000000032,2023-02-25 16:43:22.190948,-0.024224999999999997,0.01620300000000008,2023-02-25 16:43:11.432106
-0.039622999999999964,0.008516000000000079,2023-02-25 09:16:32.052594,-0.008006999999999986,0.011839000000000044,2023-02-25 16:43:04.362328,-0.03058999999999995,0.012462000000000084,2023-02-25 16:42:56.402752
-0.05214599999999997,-0.0024919999999999387,2023-02-25 09:16:11.224610,-0.007801000000000002,0.008307999999999982,2023-02-25 16:42:50.100610,-0.028330999999999995,0.015576999999999952,2023-02-25 16:42:42.490521
-0.044138999999999984,0.0008299999999999974,2023-02-25 09:15:52.643877,-0.00615899999999997,0.014330999999999983,2023-02-25 16:42:34.930354,-0.027304999999999968,0.007688000000000028,2023-02-25 16:42:25.268166
-0.05563699999999999,0.003946000000000005,2023-02-25 09:15:35.174595,-0.008211999999999997,0.011838000000000015,2023-02-25 16:42:17.871881,-0.027099999999999957,0.01869300000000007,2023-02-25 16:42:07.832005
-0.04742500000000005,0.007685000000000053,2023-02-25 09:15:17.055455,-0.00718599999999997,0.01495499999999994,2023-02-25 16:42:01.640942,-0.02976899999999999,0.011426999999999965,2023-02-25 16:41:52.977273
-0.052761999999999976,0.005193000000000003,2023-02-25 09:14:56.517377,-0.007801000000000002,0.01578500000000005,2023-02-25 16:41:46.344464,-0.02443099999999998,0.007477999999999985,2023-02-25 16:41:39.833429
-0.04639800000000005,0.004361999999999977,2023-02-25 09:14:35.805376,-0.005747999999999975,0.012253999999999987,2023-02-25 16:41:34.120907,-0.025661999999999963,0.00748099999999996,2023-02-25 16:41:28.181417
-0.04680799999999996,0.008723999999999954,2023-02-25 09:14:14.715130,-0.005952999999999986,0.012460999999999944,2023-02-25 16:41:19.829043,-0.028330999999999995,0.016826999999999925,2023-02-25 16:41:08.187798
-0.042291999999999996,0.011008000000000018,2023-02-25 09:13:55.336480,-0.004927000000000015,0.017450000000000077,2023-02-25 16:41:00.948497,-0.027920999999999974,0.013708000000000053,2023-02-25 16:40:50.126300
-0.015602999999999978,0.015368999999999966,2023-02-25 09:13:39.666899,-0.008622999999999992,0.01620100000000002,2023-02-25 16:40:43.447818,-0.033053,0.018903000000000003,2023-02-25 16:40:32.837873
-0.04783499999999996,0.004361999999999977,2023-02-25 09:10:00.260085,-0.007595999999999992,0.018069000000000113,2023-02-25 16:40:26.929390,-0.028125999999999984,0.00997300000000001,2023-02-25 16:40:17.644829
-0.04988799999999999,0.008722999999999925,2023-02-25 09:09:40.479904,-0.006363999999999981,0.015367999999999937,2023-02-25 16:40:10.907868,-0.027920999999999974,0.0049839999999999884,2023-02-25 16:40:04.808941
-0.04680799999999996,0.003530999999999951,2023-02-25 09:09:23.782033,-0.004311000000000009,0.012253999999999876,2023-02-25 16:39:58.550527,-0.03202699999999997,0.013915999999999928,2023-02-25 16:39:48.899087
-0.047630000000000006,0.004360999999999948,2023-02-25 09:09:08.502193,-0.007390999999999981,0.014949999999999908,2023-02-25 16:39:40.522426,-0.03449000000000002,0.02180900000000008,2023-02-25 16:39:31.099419
-0.046397999999999995,0.008515999999999968,2023-02-25 09:08:50.281781,-0.008006999999999986,0.013500999999999985,2023-02-25 12:36:36.141017,-0.03079499999999996,0.014957999999999916,2023-02-25 12:36:24.826033
-0.04844999999999999,-0.005815000000000126,2023-02-25 09:08:32.113524,-0.004722000000000004,0.016202999999999967,2023-02-25 12:36:15.627434,-0.029974,0.008307000000000064,2023-02-25 12:36:04.544941
-0.046191999999999955,0.004777000000000031,2023-02-25 09:08:11.422873,-0.0034909999999999664,0.012253999999999987,2023-02-25 12:35:57.922211,-0.03182199999999996,0.011212,2023-02-25 12:35:48.306083
-0.04804000000000003,-0.0004150000000000542,2023-02-25 09:07:51.752253,-0.004722000000000004,0.01495599999999997,2023-02-25 12:35:41.105234,-0.02545799999999998,0.009763000000000077,2023-02-25 12:35:29.833014
-0.05645799999999995,-0.0006229999999999292,2023-02-25 09:07:29.502406,-0.004927000000000015,0.01661799999999991,2023-02-25 12:35:22.783327,-0.02443099999999998,0.00809800000000005,2023-02-25 12:35:12.064025
-0.04927199999999998,0.003738000000000019,2023-02-24 18:14:57.464709,-0.006979999999999986,0.009762000000000048,2023-02-25 12:35:04.848068,-0.032436999999999994,0.022016000000000036,2023-02-25 12:34:55.019258
-0.05091499999999999,0.007477000000000067,2023-02-24 18:14:41.094161,-0.004927000000000015,0.016411999999999982,2023-02-25 12:34:48.833014,-0.028947,0.0018700000000000383,2023-02-25 12:34:42.419719
-0.042291999999999996,0.006438000000000055,2023-02-24 18:14:25.754425,-0.005132000000000025,0.005815000000000015,2023-02-25 12:34:34.027826,-0.026893999999999973,0.020973999999999937,2023-02-25 12:34:22.802313
-0.045782000000000045,0.006853999999999916,2023-02-24 18:14:11.674658,-0.009443999999999952,0.007269999999999999,2023-02-25 12:34:16.106026,-0.03223199999999998,0.01911000000000007,2023-02-25 12:34:05.236767
-0.04660299999999995,0.015784999999999938,2023-02-24 18:13:54.473704,-0.009033999999999986,0.012255000000000016,2023-02-25 12:33:57.831711,-0.020324999999999982,0.015992999999999924,2023-02-25 12:33:46.988690
-0.04331799999999997,0.003738999999999937,2023-02-24 18:13:37.635399,-0.005747999999999975,0.014954000000000023,2023-02-25 12:33:40.770490,-0.029768000000000017,0.004573999999999967,2023-02-25 12:33:32.240867
-0.04249799999999998,0.013708000000000053,2023-02-24 18:13:22.075015,-0.007390999999999981,0.01142399999999999,2023-02-25 12:33:25.375591,-0.03695399999999999,0.013295999999999975,2023-02-25 12:33:14.708165
-0.04845100000000002,-0.002906999999999993,2023-02-24 18:13:04.810606,-0.008417000000000008,0.013499999999999956,2023-02-25 12:33:06.790005,-0.03325899999999998,0.013296000000000086,2023-02-25 12:32:59.355373
-0.04988799999999999,0.00976100000000002,2023-02-24 18:12:47.415422,-0.007801000000000002,0.014747000000000066,2023-02-25 12:32:52.265636,-0.03161599999999998,0.00499000000000005,2023-02-25 12:32:44.648227
-0.04988800000000004,0.00851499999999994,2023-02-24 18:12:29.926701,-0.008211999999999997,0.009970000000000034,2023-02-25 12:32:37.609329,-0.030590000000000006,0.013294999999999946,2023-02-25 12:32:28.611923
-0.045987,0.01079999999999992,2023-02-24 18:12:12.936714,-0.010880999999999974,0.013707999999999942,2023-02-25 12:32:19.963769,-0.030178999999999956,0.0041559999999999375,2023-02-25 12:32:09.908889
-0.045987,0.012046999999999919,2023-02-24 18:11:52.737865,-0.0069809999999999595,0.012878000000000056,2023-02-25 12:32:03.667581,-0.026073000000000013,0.0026999999999999247,2023-02-25 12:31:57.707793
-0.04311300000000001,0.0018690000000000095,2023-02-24 18:11:35.819272,-0.008828000000000003,0.012873999999999941,2023-02-25 12:31:51.857504,-0.02956399999999998,0.0066470000000000695,2023-02-25 12:31:42.836198
-0.04208599999999996,0.006646000000000041,2023-02-24 18:11:14.208812,-0.011085999999999985,0.004362000000000088,2023-02-25 12:31:34.751715,-0.034490999999999994,0.00872699999999993,2023-02-25 12:31:24.543703
-0.04947800000000002,0.014953999999999912,2023-02-24 18:10:57.549747,-0.011291999999999969,0.006440999999999919,2023-02-25 12:31:17.610832,-0.02915200000000001,0.014124000000000025,2023-02-25 12:31:06.563375
-0.05029800000000001,0.005191999999999974,2023-02-24 18:10:41.877555,-0.009033999999999986,0.014542999999999862,2023-02-25 12:30:58.573621,-0.026483999999999952,0.012046999999999919,2023-02-25 12:30:51.435915
-0.03736500000000004,0.013499999999999956,2023-02-24 18:10:25.887538,-0.009853999999999974,0.007478999999999902,2023-02-25 12:30:44.755030,-0.025867999999999947,0.012252000000000152,2023-02-25 12:30:35.019636
-0.050502999999999965,0.0016609999999999125,2023-02-24 18:10:10.918343,-0.008211999999999997,0.013500999999999985,2023-02-25 12:30:27.682993,-0.024224999999999997,0.007058000000000009,2023-02-25 12:30:17.676122
-0.04352299999999998,0.003322999999999965,2023-02-24 18:09:54.618650,-0.009444000000000008,0.011422999999999961,2023-02-25 12:30:10.519303,-0.026484000000000008,0.013499999999999956,2023-02-25 12:30:01.425111
-0.04496100000000003,0.011007999999999907,2023-02-24 18:09:36.999656,-0.010059999999999958,0.008515999999999968,2023-02-25 12:29:54.794998,-0.02545799999999998,0.01101300000000005,2023-02-25 12:29:47.086994
-0.04475600000000002,0.005193000000000003,2023-02-24 18:09:20.358831,-0.0067749999999999755,0.015578999999999898,2023-02-25 12:29:37.706560,-0.02874199999999999,0.013502999999999932,2023-02-25 12:29:25.999773
-0.04988699999999996,0.008516000000000079,2023-02-24 18:09:05.300503,-0.010058999999999985,0.01267000000000007,2023-02-25 12:29:19.543418,-0.026483999999999952,0.017239000000000004,2023-02-25 12:29:09.940014
-0.04721900000000001,0.0064389999999999725,2023-02-24 18:08:50.151714,-0.009854999999999947,0.011422000000000043,2023-02-25 12:29:03.400086,-0.027099999999999957,0.00934899999999994,2023-02-25 12:28:54.566695
-0.050297999999999954,0.006854000000000027,2023-02-24 18:08:33.111424,-0.009033000000000013,0.012877000000000027,2023-02-25 12:28:47.030449,-0.026893999999999973,0.0020720000000000738,2023-02-25 12:28:39.883720
-0.04537200000000002,0.015992999999999924,2023-02-24 18:08:15.569618,-0.010264999999999969,0.012253999999999987,2023-02-25 12:28:32.526977,-0.03428500000000001,-0.005810000000000093,2023-02-25 12:28:23.908220
-0.04680799999999996,0.0,2023-02-24 18:07:59.641625,-0.008417000000000008,0.014538999999999969,2023-02-25 12:28:15.705226,-0.029768000000000017,0.015162000000000009,2023-02-25 12:28:06.343798
-0.04803999999999997,0.003530999999999951,2023-02-24 18:07:40.985044,-0.011291999999999969,0.011216000000000004,2023-02-25 12:27:57.941810,-0.03839099999999995,0.018697000000000075,2023-02-25 12:27:48.570956
-0.04886099999999999,0.007477000000000067,2023-02-24 18:07:25.040213,-0.007595999999999992,0.011839000000000044,2023-02-25 12:27:41.334851,-0.028330999999999995,0.00477800000000006,2023-02-25 12:27:32.574987
-0.047630000000000006,0.01288099999999992,2023-02-24 18:07:10.781963,-0.01149699999999998,0.012461999999999973,2023-02-25 12:27:25.545530,-0.03325800000000001,0.012050000000000005,2023-02-25 12:27:16.532476
-0.04865600000000003,0.008099999999999996,2023-02-24 18:06:56.451917,-0.00718599999999997,0.008723000000000036,2023-02-25 12:27:09.408289,-0.027920999999999974,0.008724000000000065,2023-02-25 12:27:02.574190
-0.04968300000000003,0.008099999999999996,2023-02-24 18:06:39.351870,-0.008828000000000003,0.010591999999999935,2023-02-25 12:26:54.881355,-0.02874199999999999,0.007891999999999899,2023-02-25 12:26:45.736370
-0.047835000000000016,0.0022849999999999815,2023-02-24 18:06:22.983541,-0.006364999999999954,0.015373000000000081,2023-02-25 12:26:39.957454,-0.02853699999999998,0.0029050000000000464,2023-02-25 12:26:32.270096
-0.04947699999999999,0.009345999999999965,2023-02-24 18:06:04.983127,-0.005542999999999965,0.01329199999999997,2023-02-25 12:26:24.707348,-0.027510000000000034,0.014541000000000137,2023-02-25 12:26:13.082876
-0.052556999999999965,0.009141999999999983,2023-02-24 18:05:49.443165,-0.008622999999999992,0.007476999999999956,2023-02-25 12:26:05.198918,-0.02976799999999996,0.0016599999999999948,2023-02-25 12:25:57.895416
-0.05625199999999997,-0.0024919999999999387,2023-02-24 18:05:32.323691,-0.007595999999999992,0.01267000000000007,2023-02-25 12:25:50.634095,-0.02853699999999998,0.02180799999999994,2023-02-25 12:25:39.877871
-0.04393400000000003,0.010592999999999964,2023-02-24 18:05:15.058376,-0.008211999999999997,0.011419999999999986,2023-02-25 12:25:31.134346,-0.03079499999999996,0.02097799999999994,2023-02-25 12:25:18.994097
-0.04988799999999999,0.01080100000000006,2023-02-24 18:04:55.803355,-0.005338000000000009,0.01453900000000008,2023-02-25 12:25:12.478016,-0.030590000000000006,0.013293,2023-02-25 12:25:05.000899
-0.050093,0.007269999999999999,2023-02-24 18:04:39.493787,-0.008211999999999997,0.009139000000000008,2023-02-25 09:42:44.072907,-0.021762000000000004,0.008515999999999968,2023-02-25 09:42:27.429830
-0.04372900000000002,0.008099999999999996,2023-02-24 18:04:25.455882,-0.008828000000000003,0.01267000000000007,2023-02-25 09:27:26.111136,-0.021762000000000004,0.010384999999999978,2023-02-25 09:27:15.567148
-0.03325900000000004,0.014954000000000023,2023-02-24 18:04:08.861956,-0.005747999999999975,0.015781999999999963,2023-02-25 09:27:05.998113,-0.03058999999999995,0.015577000000000063,2023-02-25 09:26:55.838668
-0.044138999999999984,0.01578500000000005,2023-02-24 18:03:51.704354,-0.005338000000000009,0.013293,2023-02-25 09:26:49.193275,-0.028947,0.009969000000000117,2023-02-25 09:26:39.484079
-0.04927200000000004,0.008307999999999982,2023-02-24 18:03:35.776700,-0.008211999999999997,0.012255999999999934,2023-02-25 09:26:30.914842,-0.023609999999999964,0.016407999999999978,2023-02-25 09:26:19.951420
-0.053788999999999976,0.005607999999999946,2023-02-24 18:03:19.303997,-0.005749000000000004,0.015784999999999938,2023-02-25 09:26:12.954511,-0.026073000000000013,0.01100599999999996,2023-02-25 09:26:02.036482
-0.05050400000000005,0.011839000000000044,2023-02-24 18:02:59.464583,-0.003489999999999993,0.020975999999999995,2023-02-25 09:25:55.081146,-0.02237699999999998,0.016827000000000036,2023-02-25 09:25:44.986823
-0.052146000000000026,0.003323000000000076,2023-02-24 15:58:59.905060,-0.012317999999999996,0.015369999999999995,2023-02-25 09:25:36.079292,-0.02217199999999997,0.03406699999999996,2023-02-25 09:25:24.512669
-0.051529999999999965,0.0006230000000000402,2023-02-24 15:58:42.175195,-0.006979999999999986,0.016199999999999992,2023-02-25 09:25:17.407627,-0.020735000000000003,0.010388999999999982,2023-02-25 09:25:05.936601
-0.05522499999999997,-0.0008310000000000262,2023-02-24 15:58:20.496407,-0.007390999999999981,0.015788000000000024,2023-02-25 09:24:58.382577,-0.01724500000000001,0.011428000000000105,2023-02-25 09:24:45.073316
-0.04865599999999998,0.01142399999999999,2023-02-24 15:58:02.466179,-0.003489999999999993,0.020769999999999955,2023-02-25 09:24:38.516544,-0.02135100000000001,0.012255000000000016,2023-02-25 09:24:26.753289
-0.05029800000000001,0.007476999999999956,2023-02-24 15:57:47.185141,-0.008828000000000003,0.016616000000000075,2023-02-25 09:24:19.737461,-0.023404999999999954,0.020142000000000104,2023-02-25 09:24:10.081830
-0.04783499999999996,0.014332000000000011,2023-02-24 15:57:31.876372,-0.007390999999999981,0.012669999999999959,2023-02-25 09:24:02.741377,-0.021145999999999998,0.010800000000000032,2023-02-25 09:23:52.754382
-0.05173599999999995,0.003946000000000005,2023-02-24 15:57:16.187551,-0.005338000000000009,0.021601000000000092,2023-02-25 09:23:44.726276,-0.01909299999999997,0.0068550000000000555,2023-02-25 09:23:32.876713
-0.052966999999999986,-0.0012459999999999694,2023-02-24 15:56:57.367487,-0.004927999999999988,0.018484999999999974,2023-02-25 09:23:26.148326,-0.016629000000000005,0.012673999999999963,2023-02-25 09:23:15.292637
-0.041881,0.02076900000000015,2023-02-24 15:56:42.408262,-0.008828000000000003,0.012664999999999926,2023-02-25 09:23:07.580813,-0.02319899999999997,0.0174470000000001,2023-02-25 09:22:56.686799
-0.05460999999999999,0.009139000000000008,2023-02-24 15:56:22.120545,-0.008211999999999997,0.012669999999999959,2023-02-25 09:22:49.100115,-0.030383999999999967,0.01101199999999991,2023-02-25 09:22:38.901377
-0.041264999999999996,0.010176999999999992,2023-02-24 15:56:03.079007,-0.008006999999999986,0.009762000000000048,2023-02-25 09:22:32.402555,-0.019297999999999982,0.020146999999999915,2023-02-25 09:22:21.809137
-0.04927199999999998,0.0062309999999999865,2023-02-24 15:55:45.078439,-0.005749000000000004,0.017033000000000076,2023-02-25 09:22:13.604712,-0.020735000000000003,0.007888999999999924,2023-02-25 09:22:03.263047
-0.05666299999999996,-0.0010380000000000944,2023-02-24 15:55:30.308982,-0.005542999999999965,0.016826000000000008,2023-02-25 09:21:54.499594,-0.022787999999999975,0.02825000000000011,2023-02-25 09:21:44.064397
-0.04988799999999999,0.012253999999999987,2023-02-24 15:55:10.968477,-0.011085999999999985,0.014747000000000066,2023-02-25 09:21:36.067132,-0.02135100000000001,0.019728999999999997,2023-02-25 09:21:24.936049
-0.049682000000000004,-0.0008310000000000262,2023-02-24 15:54:56.440593,-0.00718599999999997,0.019522999999999957,2023-02-25 09:21:16.021761,-0.02340399999999998,0.010171999999999959,2023-02-25 09:21:04.057904
-0.05460999999999999,0.0022849999999999815,2023-02-24 15:54:41.759903,-0.005542999999999965,0.018073000000000117,2023-02-25 09:20:57.367540,-0.020735000000000003,0.024719000000000046,2023-02-25 09:20:45.289294
-0.05091499999999999,0.009346999999999994,2023-02-24 15:54:23.081411,-0.003489999999999993,0.018484999999999974,2023-02-25 09:20:38.163342,-0.026689000000000018,0.019936999999999983,2023-02-25 09:20:27.446062
-0.052761999999999976,0.01495499999999994,2023-02-24 15:54:04.805809,-0.005132999999999999,0.020142000000000104,2023-02-25 09:20:20.737893,-0.018476999999999966,0.0031200000000000117,2023-02-25 09:20:09.555015
-0.051941000000000015,0.004153999999999991,2023-02-24 15:53:47.810793,-0.004722000000000004,0.01703100000000002,2023-02-25 09:20:03.042136,-0.020118999999999998,-0.0027000000000001467,2023-02-25 09:19:50.902310
-0.05460899999999996,0.007269999999999999,2023-02-24 15:53:29.982641,-0.005337999999999954,0.0166130000000001,2023-02-25 09:19:43.128072,-0.023609999999999964,-0.006018000000000079,2023-02-25 09:19:31.958365
-0.04927199999999998,0.012461999999999973,2023-02-24 15:53:09.804274,-0.0067749999999999755,0.014747999999999872,2023-02-25 09:19:22.296266,-0.024224999999999997,0.02886999999999995,2023-02-25 09:19:09.842475
-0.04557699999999998,0.0062309999999999865,2023-02-24 15:52:52.840606,-0.007801000000000002,0.017862999999999962,2023-02-25 09:19:01.320028,-0.021145999999999998,0.02513399999999999,2023-02-25 09:18:47.978022
-0.04352399999999995,0.006023000000000001,2023-02-24 15:52:36.191628,-0.004311000000000009,0.018276999999999988,2023-02-25 09:18:40.361745,-0.022173,-0.003734000000000015,2023-02-25 09:18:31.102621
-0.008007000000000042,0.012254000000000098,2023-02-24 15:52:21.941823,-0.007801999999999976,0.016407999999999978,2023-02-25 09:18:23.923962,-0.019913999999999987,0.003946000000000005,2023-02-25 09:18:12.087690
-0.05214599999999997,0.007477000000000067,2023-02-24 15:52:01.752013,-0.005132999999999999,0.013917000000000068,2023-02-25 09:18:03.876939,-0.02196699999999996,0.016195999999999988,2023-02-25 09:17:54.652891
-0.050297999999999954,0.003322999999999965,2023-02-24 15:51:45.742256,-0.007596999999999965,0.017861999999999933,2023-02-25 09:17:48.136269,-0.022992999999999986,0.018488999999999867,2023-02-25 09:17:38.229623
-0.05132500000000001,0.009345999999999965,2023-02-24 15:51:29.146270,-0.008006999999999986,0.011214999999999975,2023-02-25 09:17:31.971710,-0.021145999999999998,0.033227999999999924,2023-02-25 09:17:23.129848
-0.04352400000000001,0.008308000000000093,2023-02-24 15:51:11.573277,-0.007595999999999992,0.015574999999999894,2023-02-25 09:17:13.478281,-0.023814999999999975,0.01578299999999999,2023-02-25 09:16:59.900690
-0.051324999999999954,0.009969000000000006,2023-02-24 15:50:52.753016,-0.007390999999999981,0.015373000000000081,2023-02-25 09:16:52.241118,-0.020735000000000003,-0.0006299999999999084,2023-02-25 09:16:41.111577
-0.052966999999999986,0.009554000000000062,2023-02-24 15:50:34.115682,-0.005749000000000004,0.017654999999999976,2023-02-25 09:16:34.208042,-0.026483999999999952,0.003326999999999969,2023-02-25 09:16:22.479275
-0.05132500000000001,0.005607999999999946,2023-02-24 15:50:18.503935,-0.007801999999999976,0.015577000000000063,2023-02-25 09:16:13.901350,-0.025866999999999973,-0.0024919999999999387,2023-02-25 09:16:03.513047
-0.04557699999999998,0.011216000000000004,2023-02-24 15:50:03.854132,-0.006569999999999965,0.020147000000000026,2023-02-25 09:15:55.689905,-0.022377999999999953,-0.0004199999999998649,2023-02-25 09:15:44.218725
-0.053788999999999976,0.013500999999999985,2023-02-24 15:49:45.844105,-0.004722000000000004,0.018485000000000085,2023-02-25 09:15:37.640065,-0.03325800000000001,0.007477000000000067,2023-02-25 09:15:26.344219
-0.048450999999999966,0.011214999999999975,2023-02-24 15:49:28.794858,-0.004516999999999993,0.015784999999999938,2023-02-25 09:15:19.708590,-0.020940999999999987,-0.019930000000000003,2023-02-25 09:15:08.373010
-0.035721999999999976,0.014954000000000023,2023-02-24 15:49:13.324960,-0.008417000000000008,0.012877999999999945,2023-02-25 09:14:59.234327,-0.03161599999999998,0.0010300000000000864,2023-02-25 09:14:47.925165
-0.05153100000000005,0.011630999999999947,2023-02-24 15:48:59.014829,-0.009033000000000013,0.01391600000000004,2023-02-25 09:14:39.099824,-0.028125999999999984,-0.01807000000000003,2023-02-25 09:14:26.061309
-0.053788999999999976,0.007476999999999956,2023-02-24 15:48:44.295398,-0.008006999999999986,0.013288000000000078,2023-02-25 09:14:17.736585,-0.025456999999999952,-0.003326000000000051,2023-02-25 09:14:06.526206
-0.04803999999999997,0.0014530000000000376,2023-02-24 15:48:27.747282,-0.012934000000000001,0.0016620000000000523,2023-02-25 09:13:57.984448,-0.023814000000000002,0.009969000000000006,2023-02-25 09:13:48.119767
-0.05029899999999998,0.012462000000000084,2023-02-24 15:15:10.078371,-0.0069809999999999595,0.015577000000000063,2023-02-25 09:13:42.501384,0.03223199999999998,0.02118500000000001,2023-02-25 09:13:31.630525
-0.045165999999999984,0.008307999999999982,2023-02-24 15:14:54.388629,-0.005337999999999954,0.02160099999999998,2023-02-25 09:10:02.746684,-0.028947,0.0014539999999999553,2023-02-25 09:09:52.158554
-0.04906699999999997,0.0029080000000000217,2023-02-24 15:14:34.718839,-0.007390999999999981,0.01329199999999997,2023-02-25 09:09:43.154659,-0.030590000000000006,0.013294999999999946,2023-02-25 09:09:33.649670
-0.05194099999999996,0.005608000000000057,2023-02-24 15:14:17.919620,-0.009444000000000008,0.012046000000000001,2023-02-25 09:09:26.503840,-0.025866999999999973,0.003530999999999951,2023-02-25 09:09:18.356023
-0.04598799999999997,0.014538999999999969,2023-02-24 15:14:04.628180,-0.007390999999999981,0.013708000000000053,2023-02-25 09:09:11.184882,-0.025868000000000002,0.008099999999999885,2023-02-25 09:09:00.326168
-0.047423999999999966,0.009553999999999951,2023-02-24 15:13:46.489942,-0.009854999999999947,0.011426999999999965,2023-02-25 09:08:52.614878,-0.02689400000000003,-0.006639999999999979,2023-02-25 09:08:42.144914
-0.035928000000000015,0.023262000000000005,2023-02-24 15:13:30.199442,-0.009032999999999958,0.010803999999999925,2023-02-25 09:08:34.782222,-0.027100000000000013,-0.0020729999999999915,2023-02-25 09:08:23.057370
-0.045165999999999984,0.014954000000000023,2023-02-24 15:13:13.319230,-0.007390999999999981,0.01682400000000006,2023-02-25 09:08:14.189296,-0.02648299999999998,0.0068550000000000555,2023-02-25 09:08:01.974721
-0.047630000000000006,0.003739000000000048,2023-02-24 15:12:58.429250,-0.007595999999999992,0.014124000000000025,2023-02-25 09:07:54.320565,-0.032436999999999994,0.012255999999999934,2023-02-25 09:07:44.064860
-0.04578199999999999,0.012877000000000027,2023-02-24 15:12:42.431811,-0.007801000000000002,0.013293,2023-02-25 09:07:35.932899,-0.02792100000000003,0.005193000000000003,2023-02-25 09:07:22.590955
-0.051529999999999965,0.008724000000000065,2023-02-24 15:12:25.521526,-0.009853999999999974,0.012877000000000027,2023-02-24 18:14:59.617874,-0.03182200000000002,0.008931000000000022,2023-02-24 18:14:50.760034
-0.048450999999999966,0.004153999999999991,2023-02-24 15:12:11.031217,-0.01149699999999998,0.014125999999999972,2023-02-24 18:14:43.862131,-0.030999999999999972,0.0062309999999999865,2023-02-24 18:14:35.043564
-0.063027,0.003323000000000076,2023-02-24 15:11:49.250473,-0.009648999999999963,0.01640800000000009,2023-02-24 18:14:27.871783,-0.030999999999999972,0.009974000000000038,2023-02-24 18:14:20.096931
-0.033669000000000004,0.017862999999999962,2023-02-24 15:11:30.132097,-0.010676000000000019,0.013707999999999942,2023-02-24 18:14:14.185522,-0.032026,0.002491000000000132,2023-02-24 18:14:04.373420
-0.05235099999999998,0.011422999999999961,2023-02-24 15:11:10.782036,-0.010265000000000024,0.009969000000000006,2023-02-24 18:13:57.031933,-0.030383999999999967,0.0006200000000000649,2023-02-24 18:13:48.139038
-0.05748399999999998,0.0031160000000000077,2023-02-24 15:10:53.993508,-0.01046999999999998,0.012877000000000027,2023-02-24 18:13:40.388236,-0.03551700000000002,0.010592999999999964,2023-02-24 18:13:31.147292
-0.054815,0.004361999999999977,2023-02-24 15:10:38.514322,-0.013139999999999985,0.008307999999999982,2023-02-24 18:13:24.782555,-0.03141099999999997,-0.00020799999999998597,2023-02-24 18:13:15.530153
-0.04947699999999999,0.013085000000000013,2023-02-24 15:10:22.407197,-0.008211999999999997,0.016615999999999964,2023-02-24 18:13:07.534085,-0.033669000000000004,0.009139000000000008,2023-02-24 18:12:56.925620
-0.051736000000000004,0.004153999999999991,2023-02-24 15:10:02.603039,-0.010880999999999974,0.01744699999999999,2023-02-24 18:12:50.180245,-0.03695399999999999,0.012461999999999973,2023-02-24 18:12:40.839977
-0.053378000000000037,0.00539999999999996,2023-02-24 15:09:41.232719,-0.009648999999999963,0.01578500000000005,2023-02-24 18:12:32.605814,-0.034694999999999976,0.0010399999999999299,2023-02-24 18:12:23.514793
-0.06959699999999996,-0.016822000000000004,2023-02-24 15:09:16.424248,-0.01149699999999998,0.008099999999999996,2023-02-24 18:12:15.502476,-0.03346400000000005,0.005815000000000015,2023-02-24 18:12:03.181538
-0.05851099999999998,0.005193000000000003,2023-02-24 15:09:00.465226,-0.012933999999999946,0.003947000000000034,2023-02-24 18:11:55.830816,-0.02935800000000005,0.007684999999999942,2023-02-24 18:11:47.199626
-0.05194099999999996,0.01703100000000002,2023-02-24 15:08:43.374540,-0.013959999999999972,0.00789200000000001,2023-02-24 18:11:38.524794,-0.03079499999999996,0.010592999999999964,2023-02-24 18:11:25.088247
-0.05666299999999996,0.011216000000000004,2023-02-24 15:08:27.516376,-0.01580799999999999,-0.0033249999999999114,2023-02-24 18:11:16.969585,-0.03161599999999998,0.008930000000000105,2023-02-24 18:11:07.320318
-0.04927199999999998,0.006023000000000001,2023-02-24 15:08:07.779387,-0.01580799999999999,0.005400999999999989,2023-02-24 18:11:00.021521,-0.03346400000000005,0.010592000000000046,2023-02-24 18:10:51.222624
-0.052966999999999986,0.006854000000000027,2023-02-24 15:07:49.249930,-0.009444000000000008,0.007684999999999942,2023-02-24 18:10:44.030931,-0.029768000000000017,0.0027000000000000357,2023-02-24 18:10:36.293725
-0.052966999999999986,0.00955499999999998,2023-02-24 15:07:32.080491,-0.012112999999999985,0.005398000000000014,2023-02-24 18:10:28.627234,-0.034696000000000005,0.0031160000000000077,2023-02-24 18:10:20.147573
-0.052556999999999965,-0.0008310000000000262,2023-02-24 15:07:14.185445,-0.008621999999999963,0.01744699999999999,2023-02-24 18:10:13.726606,-0.027304999999999968,-0.0018690000000000095,2023-02-24 18:10:04.759263
-0.04413999999999996,0.008101000000000025,2023-02-24 15:06:57.587105,-0.014165999999999956,0.006437999999999944,2023-02-24 18:09:57.285329,-0.03284799999999999,0.0024959999999999427,2023-02-24 18:09:46.289457
-0.05214599999999997,0.004985000000000017,2023-02-24 15:06:40.076140,-0.011085999999999985,0.009139000000000008,2023-02-24 18:09:39.497591,-0.03120600000000001,0.012042000000000108,2023-02-24 18:09:29.490048
-0.048450999999999966,0.004985000000000017,2023-02-24 15:06:25.386643,-0.008417999999999981,0.01682399999999995,2023-02-24 18:09:22.865016,-0.024430000000000007,-0.009135000000000004,2023-02-24 18:09:14.788445
-0.04454999999999998,0.010385000000000089,2023-02-24 15:06:07.477827,-0.01272899999999999,0.012876999999999916,2023-02-24 18:09:07.834759,-0.029563000000000006,0.0014540000000000664,2023-02-24 18:08:59.520571
-0.04475599999999996,0.006854000000000027,2023-02-24 15:05:51.817543,-0.008006999999999986,0.013500999999999985,2023-02-24 18:08:52.536554,-0.023814000000000002,-0.013496999999999981,2023-02-24 18:08:43.651626
-0.05029899999999998,0.007477999999999985,2023-02-24 15:05:34.158936,-0.010880999999999974,0.01682400000000006,2023-02-24 18:08:35.604203,-0.028947,0.0022849999999999815,2023-02-24 18:08:27.078314
-0.05029899999999998,0.0010390000000000121,2023-02-24 15:05:18.048652,-0.012112999999999985,0.015988000000000002,2023-02-24 18:08:18.401317,-0.031205999999999956,-0.0008310000000000262,2023-02-24 18:08:08.232662
-0.05543099999999995,0.006023000000000001,2023-02-24 15:05:03.785393,-0.009648999999999963,0.01620100000000002,2023-02-24 18:08:02.039002,-0.03182200000000002,-0.00311399999999995,2023-02-24 18:07:52.010622
-0.04865599999999998,0.01017800000000002,2023-02-24 15:04:45.622510,-0.009237999999999968,0.016199999999999992,2023-02-24 18:07:43.998714,-0.03161600000000003,0.004569999999999963,2023-02-24 18:07:35.835823
-0.04968299999999998,0.0029079999999999107,2023-02-24 15:04:29.438608,-0.016013,0.00893199999999994,2023-02-24 18:07:27.706248,-0.03264299999999998,0.008099999999999996,2023-02-24 18:07:19.251031
-0.05091499999999999,0.009762000000000048,2023-02-24 15:04:11.309431,-0.011086999999999958,0.013920999999999961,2023-02-24 18:07:13.304634,-0.03141099999999997,0.008104,2023-02-24 18:07:05.259927
-0.04947699999999999,0.00020699999999995722,2023-02-24 15:03:52.720464,-0.01046999999999998,0.01578500000000005,2023-02-24 18:06:58.911224,-0.033053,0.0008310000000000262,2023-02-24 18:06:50.233637
-0.02874199999999999,0.015577000000000063,2023-02-24 15:03:34.393453,-0.010675999999999963,0.014538999999999969,2023-02-24 18:06:42.620808,-0.02894800000000003,0.007684999999999942,2023-02-24 18:06:33.850603
-0.04783499999999996,0.0014540000000000664,2023-02-24 15:03:16.599699,-0.013344999999999996,0.008100999999999914,2023-02-24 18:06:25.855575,-0.02976799999999996,0.0012459999999999694,2023-02-24 18:06:17.125009
-0.048041,0.011838999999999933,2023-02-24 15:03:00.840968,-0.011291999999999969,0.015784999999999938,2023-02-24 18:06:08.053648,-0.03223199999999998,0.01807000000000003,2023-02-24 18:05:59.222060
-0.037775,0.010800000000000032,2023-02-24 15:02:41.972576,-0.011086999999999958,0.014747000000000066,2023-02-24 18:05:52.382681,-0.03161599999999998,-0.003530000000000033,2023-02-24 18:05:41.520835
-0.052556999999999965,0.0049839999999999884,2023-02-24 15:02:25.054141,-0.011290999999999995,0.010800000000000032,2023-02-24 18:05:34.568744,-0.04167599999999999,-0.020969999999999933,2023-02-24 18:05:26.544901
-0.04578199999999999,0.012255000000000016,2023-02-24 15:02:05.131130,-0.01046999999999998,0.010592000000000046,2023-02-24 18:05:18.369836,-0.030178999999999956,0.010803999999999925,2023-02-24 18:05:07.310401
-0.04578199999999999,0.00851499999999994,2023-02-24 14:56:09.366413,-0.009444000000000008,0.015993000000000035,2023-02-24 18:04:59.288823,-0.027715999999999963,0.0010390000000000121,2023-02-24 18:04:49.261489
-0.04865600000000003,0.013500000000000068,2023-02-24 14:55:51.646874,-0.01046999999999998,0.010384999999999978,2023-02-24 18:04:41.962307,-0.02853699999999998,0.00726899999999997,2023-02-24 18:04:34.216824
-0.051734999999999975,0.010593000000000075,2023-02-24 14:55:35.809604,-0.008416999999999952,0.01391600000000004,2023-02-24 18:04:28.025782,-0.02443099999999998,0.003739000000000048,2023-02-24 18:04:19.994217
-0.052351999999999954,0.005608000000000057,2023-02-24 14:55:17.608644,-0.011292000000000024,0.014745999999999926,2023-02-24 18:04:12.586581,-0.02894800000000003,0.014538999999999969,2023-02-24 18:04:03.288985
-0.053583999999999965,-0.005815000000000015,2023-02-24 14:55:03.077858,-0.012317999999999996,0.014332000000000011,2023-02-24 18:03:54.462523,-0.028125999999999984,0.010592000000000046,2023-02-24 18:03:46.398992
-0.06795400000000001,-0.012254000000000098,2023-02-24 14:54:36.228268,-0.012112999999999985,0.015572999999999948,2023-02-24 18:03:38.613804,-0.033669000000000004,0.01142399999999999,2023-02-24 18:03:29.019468
-0.05029899999999998,0.0064389999999999725,2023-02-24 14:54:17.138835,-0.01170199999999999,0.008931000000000022,2023-02-24 18:03:21.782648,-0.03141099999999997,0.004361999999999977,2023-02-24 18:03:11.124759
-0.05112,0.017862000000000045,2023-02-24 14:53:56.829847,-0.013139000000000012,0.023055000000000048,2023-02-24 18:03:02.152148,-0.03654400000000002,0.009762000000000048,2023-02-24 18:02:51.716850
-0.052147,0.01080099999999995,2023-02-24 14:53:34.319054,-0.008622999999999992,0.01703100000000002,2023-02-24 15:59:02.564233,-0.026893999999999973,-0.004769999999999941,2023-02-24 15:58:52.313074
-0.05235099999999998,0.010592999999999964,2023-02-24 14:53:18.418367,-0.011496000000000006,0.012461999999999973,2023-02-24 15:58:45.390998,-0.03654299999999999,0.00748099999999996,2023-02-24 15:58:33.107529
-0.04927199999999998,0.008307999999999982,2023-02-24 14:52:57.370640,-0.014575999999999978,0.01620100000000002,2023-02-24 15:58:23.132766,-0.03325800000000001,-0.0008299999999998864,2023-02-24 15:58:13.644982
-0.055226,0.0020769999999999955,2023-02-24 14:52:39.520036,-0.013139999999999985,0.011631999999999976,2023-02-24 15:58:05.550715,-0.02853699999999998,0.005398000000000014,2023-02-24 15:57:55.901961
-0.06138499999999997,0.0006230000000000402,2023-02-24 14:52:17.592951,-0.008828000000000003,0.01204700000000003,2023-02-24 15:57:49.655371,-0.025457000000000007,0.00020799999999998597,2023-02-24 15:57:42.246474
-0.05337799999999998,-0.0018690000000000095,2023-02-24 14:52:00.900212,-0.011907999999999974,0.01765400000000006,2023-02-24 15:57:34.963517,-0.027920999999999974,0.0014540000000000664,2023-02-24 15:57:25.126991
-0.058510000000000006,0.008307999999999982,2023-02-24 14:51:44.115692,-0.01170199999999999,0.014955000000000052,2023-02-24 15:57:18.373412,-0.025251999999999997,-0.010797999999999974,2023-02-24 15:57:10.463612
-0.054199,0.005400000000000071,2023-02-24 14:51:24.590570,-0.011702999999999963,0.014122999999999997,2023-02-24 15:57:01.450649,-0.03079499999999996,0.0018690000000000095,2023-02-24 15:56:51.798999
-0.05337799999999998,0.003738000000000019,2023-02-24 14:51:07.351048,-0.01272899999999999,0.012046000000000001,2023-02-24 15:56:44.852130,-0.03202699999999997,0.012255999999999934,2023-02-24 15:56:33.603903
-0.04454999999999998,0.011008999999999936,2023-02-24 14:50:50.871583,-0.015602999999999978,0.010592000000000046,2023-02-24 15:56:24.723432,-0.04927199999999998,0.014125999999999972,2023-02-24 15:56:13.026311
-0.052761999999999976,0.008515999999999968,2023-02-24 14:50:29.202999,-0.013343999999999967,0.013500999999999985,2023-02-24 15:56:05.664704,-0.028125999999999984,0.004985000000000017,2023-02-24 15:55:56.313758
-0.052351999999999954,0.003530999999999951,2023-02-24 14:50:11.872385,-0.013754999999999962,0.00539999999999996,2023-02-24 15:55:48.177422,-0.03490099999999996,0.007685000000000053,2023-02-24 15:55:39.043008
-0.04947699999999999,0.009762000000000048,2023-02-24 14:49:52.641986,-0.010265000000000024,0.014330999999999983,2023-02-24 15:55:32.842688,-0.03325899999999998,0.004777000000000031,2023-02-24 15:55:23.466606
-0.052351999999999954,0.0064389999999999725,2023-02-24 14:49:33.726507,-0.015602999999999978,0.014331000000000094,2023-02-24 15:55:13.707658,-0.033463999999999994,0.003114999999999979,2023-02-24 15:55:05.294198
-0.04578199999999999,0.012876999999999916,2023-02-24 14:49:13.782947,-0.01067499999999999,0.015369999999999995,2023-02-24 15:54:59.170695,-0.036748999999999976,-0.0006230000000000402,2023-02-24 15:54:50.933604
-0.04927200000000004,0.00539999999999996,2023-02-24 14:48:58.003117,-0.012112999999999985,0.01453900000000008,2023-02-24 15:54:44.248707,-0.040032999999999985,-0.0018690000000000095,2023-02-24 15:54:32.633201
-0.041059999999999985,0.016616000000000075,2023-02-24 14:48:42.716251,-0.013961000000000001,0.007269999999999999,2023-02-24 15:54:25.376964,-0.03284799999999999,0.004153999999999991,2023-02-24 15:54:17.529687
-0.037159,0.01391600000000004,2023-02-24 14:48:21.627799,-0.014575999999999978,0.015576999999999952,2023-02-24 15:54:07.620916,-0.036543999999999965,0.003738999999999937,2023-02-24 15:53:57.273299
-0.050093,0.011631000000000058,2023-02-24 14:48:01.794134,-0.010880999999999974,0.018276999999999988,2023-02-24 15:53:50.412907,-0.039622999999999964,0.0018690000000000095,2023-02-24 15:53:39.567281
-0.04988799999999999,0.00020799999999998597,2023-02-24 14:47:44.714550,-0.014370999999999967,0.01204700000000003,2023-02-24 15:53:32.471771,-0.04393399999999997,0.011631000000000058,2023-02-24 15:53:19.923416
-0.04044399999999998,0.010592999999999964,2023-02-24 14:47:25.164975,-0.013755000000000017,0.009970000000000034,2023-02-24 15:53:12.064246,-0.027920999999999974,0.0010390000000000121,2023-02-24 15:53:04.429532
-0.05132500000000001,0.010593000000000075,2023-02-24 14:47:05.228786,-0.011290999999999995,0.00955499999999998,2023-02-24 15:52:55.503308,-0.029357999999999995,0.010388999999999982,2023-02-24 15:52:45.029383
-0.05337799999999998,0.0,2023-02-24 14:46:45.947788,-0.014575999999999978,-0.003322999999999965,2023-02-24 15:52:38.499261,-0.02463599999999999,0.0066469999999999585,2023-02-24 15:52:30.433890
-0.05194099999999996,0.012461999999999973,2023-02-24 14:46:28.635425,-0.014986999999999973,-0.003114999999999979,2023-02-24 15:52:24.413669,-0.02874199999999999,0.016616000000000075,2023-02-24 15:52:12.055837
-0.047218999999999955,0.01142399999999999,2023-02-24 14:46:12.435533,-0.012317999999999996,0.009761999999999937,2023-02-24 15:52:04.428995,-0.037159,-0.017655000000000087,2023-02-24 15:51:55.792374
-0.052351999999999954,-0.003114999999999979,2023-02-24 14:45:54.736347,-0.012112000000000012,0.01641300000000001,2023-02-24 15:51:48.657115,-0.03017900000000001,-0.0035280000000000866,2023-02-24 15:51:39.202018
-0.052556999999999965,0.010384999999999978,2023-02-24 14:45:37.036591,-0.008828000000000003,0.01620100000000002,2023-02-24 15:51:31.587770,-0.034284999999999954,0.0,2023-02-24 15:51:21.696244
-0.05112,0.0,2023-02-24 14:45:22.447541,-0.012523000000000006,0.011009999999999964,2023-02-24 15:51:14.577092,-0.03120600000000001,0.0020769999999999955,2023-02-24 15:51:04.088586
-0.04454999999999998,0.009346999999999994,2023-02-24 14:45:06.257026,-0.011291999999999969,0.01682399999999995,2023-02-24 15:50:55.910376,-0.026893999999999973,-0.0016599999999999948,2023-02-24 15:50:45.657375
-0.040649999999999964,0.011216000000000004,2023-02-24 14:44:46.697677,-0.009238999999999997,0.01703100000000002,2023-02-24 15:50:37.205178,-0.03654299999999999,0.00664599999999993,2023-02-24 15:50:27.731150
-0.04475499999999999,0.011838999999999933,2023-02-24 14:44:30.718976,-0.013550000000000006,0.003530999999999951,2023-02-24 15:50:20.944890,-0.02463599999999999,0.002074999999999938,2023-02-24 15:50:13.295319
-0.03756999999999999,0.013085000000000013,2023-02-24 14:44:13.930375,-0.013959999999999972,0.014332000000000011,2023-02-24 15:50:06.328991,-0.024019999999999986,-0.0012459999999999694,2023-02-24 15:49:56.365323
-0.04270200000000002,0.009346000000000076,2023-02-24 14:43:58.747953,-0.009855000000000003,0.017862000000000045,2023-02-24 15:49:48.320040,-0.033669000000000004,-0.017237999999999976,2023-02-24 15:49:39.492997
-0.04557699999999998,0.011630999999999947,2023-02-24 14:43:42.279345,-0.011907999999999974,0.011216000000000004,2023-02-24 15:49:32.040160,-0.03141100000000002,0.003946000000000005,2023-02-24 15:49:23.638769
-0.04947699999999999,0.01204599999999989,2023-02-24 14:43:24.200087,-0.009853999999999974,0.01993900000000004,2023-02-24 15:49:17.407799,-0.02750999999999998,-0.0012419999999999654,2023-02-24 15:49:08.214875
-0.05748399999999998,0.006646000000000041,2023-02-24 14:43:06.980513,-0.012523000000000006,0.01329199999999997,2023-02-24 15:49:01.290282,-0.028536000000000006,-0.003526999999999947,2023-02-24 15:48:53.383111
-0.05337799999999998,-0.0016620000000000523,2023-02-24 09:52:34.882373,-0.010059999999999958,0.013707999999999942,2023-02-24 15:48:46.447477,-0.034696000000000005,0.0026959999999999207,2023-02-24 15:48:37.253214
-0.04434499999999997,0.003739000000000048,2023-02-24 09:52:18.027235,-0.014164999999999983,0.01993900000000004,2023-02-24 15:48:30.202879,-0.038802,0.015785999999999967,2023-02-24 15:48:21.708334
-0.050093,0.0024919999999999387,2023-02-24 09:51:59.269135,-0.010675999999999963,0.0087259999999999,2023-02-24 15:15:12.989776,-0.02648299999999998,0.0022859999999998992,2023-02-24 15:15:03.093458
-0.050914000000000015,-0.004777999999999949,2023-02-24 09:51:41.047831,-0.010264999999999969,0.014332000000000011,2023-02-24 15:14:56.946409,-0.029974,0.011003999999999903,2023-02-24 15:14:46.117472
-0.046396999999999966,0.005815000000000015,2023-02-24 09:51:23.087785,-0.013138999999999956,0.011630999999999947,2023-02-24 15:14:37.615510,-0.039007000000000014,-0.014120000000000132,2023-02-24 15:14:27.779629
-0.04988799999999999,0.003531000000000062,2023-02-24 09:51:06.377747,-0.012523000000000006,0.013085000000000013,2023-02-24 15:14:20.425167,-0.027715999999999963,0.0014600000000000168,2023-02-24 15:14:12.332633
-0.04147099999999998,0.013085000000000013,2023-02-24 09:50:48.312931,-0.012934000000000001,0.012461999999999973,2023-02-24 15:14:07.062549,-0.03408,-0.0012399999999999078,2023-02-24 15:13:56.526685
-0.040854999999999975,0.0010390000000000121,2023-02-24 09:50:32.569840,-0.011291999999999969,0.01682400000000006,2023-02-24 15:13:49.400214,-0.028947,0.006854000000000027,2023-02-24 15:13:39.312087
-0.04331799999999997,0.007893000000000039,2023-02-24 09:50:14.939102,-0.011291999999999969,0.011839000000000044,2023-02-24 15:13:32.649447,-0.028947,0.007892000000000121,2023-02-24 15:13:24.250291
-0.041264999999999996,0.0022849999999999815,2023-02-24 09:49:59.356705,-0.012523000000000006,0.015369999999999995,2023-02-24 15:13:16.036102,-0.03161599999999998,0.0,2023-02-24 15:13:07.225504
-0.04372899999999996,0.004361999999999977,2023-02-24 09:49:43.930461,-0.010675999999999963,0.015784999999999938,2023-02-24 15:13:01.045239,-0.02566299999999999,0.004361999999999977,2023-02-24 15:12:52.156777
-0.04803999999999997,0.009346999999999994,2023-02-24 09:49:25.240729,-0.01272899999999999,0.012253999999999987,2023-02-24 15:12:45.496355,-0.026688999999999963,0.011003999999999903,2023-02-24 15:12:36.284825
-0.04270199999999996,0.003322999999999965,2023-02-24 09:49:10.800134,-0.011291999999999969,0.015992999999999924,2023-02-24 15:12:28.016183,-0.03592799999999996,0.006853999999999916,2023-02-24 15:12:19.894278
-0.040854999999999975,0.0024920000000000497,2023-02-24 09:48:55.560025,-0.013344999999999996,0.019316,2023-02-24 15:12:13.665790,-0.03756999999999999,-0.0018700000000000383,2023-02-24 15:12:03.208068
-0.04619200000000001,-0.004777000000000031,2023-02-24 09:48:36.321338,-0.01621800000000001,0.015369999999999995,2023-02-24 15:11:54.605732,-0.037159,0.01536599999999999,2023-02-24 15:11:42.231222
-0.04311299999999996,-0.0006230000000000402,2023-02-24 09:48:21.451281,-0.013959999999999972,0.015993000000000035,2023-02-24 15:11:33.862746,-0.03182099999999999,0.012253999999999987,2023-02-24 15:11:21.261906
-0.05132500000000001,-0.00020699999999995722,2023-02-24 09:48:05.722106,-0.009238999999999997,0.020769999999999955,2023-02-24 15:11:13.326636,-0.033669000000000004,0.006646000000000041,2023-02-24 15:11:04.345907
-0.040649999999999964,0.0022849999999999815,2023-02-24 09:47:49.592088,-0.009238999999999997,0.013707999999999942,2023-02-24 15:10:56.145262,-0.031205999999999956,-0.012257999999999991,2023-02-24 15:10:47.135298
-0.04064899999999999,0.0020769999999999955,2023-02-24 09:47:32.793442,-0.008828000000000003,0.01703100000000002,2023-02-24 15:10:41.065609,-0.031001,-0.008939999999999948,2023-02-24 15:10:33.325368
-0.043318999999999996,0.010176999999999992,2023-02-24 09:47:16.672136,-0.011085999999999985,0.017031999999999936,2023-02-24 15:10:26.101228,-0.032436999999999994,0.005400999999999989,2023-02-24 15:10:14.960464
-0.038186,0.014330999999999983,2023-02-24 09:47:01.052315,-0.013344999999999996,0.013499999999999956,2023-02-24 15:10:05.291265,-0.031205999999999956,0.010389000000000093,2023-02-24 15:09:52.538372
-0.04927199999999998,0.0024919999999999387,2023-02-24 09:46:45.452895,-0.012112999999999985,0.017654999999999976,2023-02-24 15:09:44.157311,-0.03449000000000002,-0.0010390000000000121,2023-02-24 15:09:33.091406
-0.045987,0.016199999999999992,2023-02-24 09:46:29.142437,-0.010675999999999963,0.01703100000000002,2023-02-24 15:09:23.238211,-0.03387499999999999,0.0004149999999999432,2023-02-24 15:09:09.337176
-0.04927199999999998,-0.010803999999999925,2023-02-24 09:46:12.193323,-0.010059999999999958,0.020145999999999997,2023-02-24 15:09:03.047956,-0.04803999999999997,-0.026999999999999913,2023-02-24 15:08:54.445874
-0.047014,0.00020700000000006824,2023-02-24 09:45:56.263463,-0.012523000000000006,0.04008199999999995,2023-02-24 15:08:45.979969,-0.05645799999999995,0.01993899999999993,2023-02-24 15:08:36.088701
-0.045370999999999995,-0.004153999999999991,2023-02-24 09:45:39.853728,-0.009238999999999997,0.019524000000000097,2023-02-24 15:08:29.915291,-0.03141099999999997,0.0016610000000000236,2023-02-24 15:08:19.737663
-0.04475499999999999,0.0016610000000000236,2023-02-24 09:45:24.323252,-0.012112000000000012,0.017653999999999948,2023-02-24 15:08:11.390399,-0.04147000000000001,0.009139000000000008,2023-02-24 15:07:59.822638
-0.04927199999999998,0.005400000000000071,2023-02-24 09:45:07.204989,-0.014166000000000012,0.019316,2023-02-24 15:07:51.907821,-0.04988799999999999,0.014124000000000025,2023-02-24 15:07:41.642102
-0.04927199999999998,0.005193000000000003,2023-02-24 09:44:48.545087,-0.0022579999999999822,0.019522999999999957,2023-02-24 15:07:34.485221,-0.05337799999999998,0.015369999999999995,2023-02-24 15:07:23.752623
-0.042086999999999986,0.003531000000000062,2023-02-24 09:44:29.206264,-0.012934000000000001,0.014747000000000066,2023-02-24 15:07:16.617650,-0.03325900000000004,0.0029079999999999107,2023-02-24 15:07:08.849657
-0.04968299999999998,-0.00809800000000005,2023-02-24 09:44:11.826116,-0.01149699999999998,0.024924000000000057,2023-02-24 15:07:00.292332,-0.03079499999999996,0.0066470000000000695,2023-02-24 15:06:51.031894
-0.04270299999999999,-0.0006230000000000402,2023-02-24 09:43:55.686394,-0.011290999999999995,0.011008000000000018,2023-02-24 15:06:44.177974,-0.027715999999999963,-0.0024920000000000497,2023-02-24 15:06:35.150633
-0.04947699999999999,0.003946000000000005,2023-02-24 09:43:36.225894,-0.013344999999999996,0.017862999999999962,2023-02-24 15:06:27.708603,-0.045165999999999984,0.01453900000000008,2023-02-24 15:06:19.613648
-0.04762899999999998,-0.003114999999999979,2023-02-24 09:43:20.936498,-0.012317999999999996,0.012877000000000027,2023-02-24 15:06:10.400661,-0.02771499999999999,0.004985000000000017,2023-02-24 15:06:01.690080
-0.04968299999999998,0.0010379999999999834,2023-02-24 09:43:03.935632,-0.014781999999999962,0.012253999999999987,2023-02-24 15:05:54.436508,-0.02874199999999999,0.007893000000000039,2023-02-24 15:05:46.127078
-0.04660399999999998,0.0016619999999999413,2023-02-24 09:42:48.757098,-0.011907999999999974,0.01869300000000007,2023-02-24 15:05:37.199104,-0.02853699999999998,0.008099999999999996,2023-02-24 15:05:28.751749
-0.040034000000000014,-0.00768000000000002,2023-02-24 09:42:33.306576,-0.012728000000000017,0.017235999999999918,2023-02-24 15:05:20.647375,-0.033874000000000015,0.003946999999999923,2023-02-24 15:05:12.697937
-0.05050399999999999,-0.004153999999999991,2023-02-24 09:42:15.976701,-0.009444000000000008,0.018278000000000016,2023-02-24 15:05:06.357693,-0.039827999999999975,0.005608000000000057,2023-02-24 15:04:55.543957
-0.04865599999999998,0.005608000000000057,2023-02-24 09:41:57.356830,-0.01724500000000001,0.005816000000000043,2023-02-24 15:04:48.680393,-0.029152999999999984,-0.0012469999999999981,2023-02-24 15:04:39.784552
-0.03900699999999996,0.010384999999999978,2023-02-24 09:41:42.938977,-0.01170199999999999,0.019522999999999957,2023-02-24 15:04:32.056356,-0.03613299999999997,-0.003326999999999969,2023-02-24 15:04:20.092248
-0.05091499999999999,0.004568999999999934,2023-02-24 09:41:26.428221,-0.01046999999999998,0.018900000000000028,2023-02-24 15:04:13.563362,-0.03469599999999995,0.0010379999999999834,2023-02-24 15:04:03.474383
-0.04886199999999996,0.003323000000000076,2023-02-24 09:41:08.248113,-0.012523000000000006,0.02097799999999994,2023-02-24 15:03:55.494808,-0.04721900000000001,0.015162000000000009,2023-02-24 15:03:44.961076
-0.051941000000000015,0.0027000000000000357,2023-02-24 09:38:28.910262,-0.013959999999999972,0.004153999999999991,2023-02-24 15:03:37.199274,-0.02853699999999998,0.008517999999999915,2023-02-24 15:03:26.675955
-0.046397999999999995,-0.007062000000000013,2023-02-24 09:38:11.191411,-0.015397999999999967,0.010593000000000075,2023-02-24 15:03:19.628683,-0.029152999999999984,0.004984999999999906,2023-02-24 15:03:09.754430
-0.05337799999999998,0.005193000000000003,2023-02-24 09:37:48.161855,-0.013343999999999967,0.015993000000000035,2023-02-24 15:03:03.144850,-0.03141099999999997,0.014336000000000015,2023-02-24 15:02:52.389342
-0.050709000000000004,-0.00685799999999992,2023-02-24 09:37:26.442022,-0.01580799999999999,0.005608000000000057,2023-02-24 15:02:44.729546,-0.02935800000000005,0.008099999999999996,2023-02-24 15:02:35.377027
-0.04804000000000003,-0.004361999999999977,2023-02-24 09:37:07.962934,-0.012523000000000006,0.015162000000000009,2023-02-24 15:02:27.531351,-0.03017900000000001,0.0006229999999999292,2023-02-24 15:02:16.080444
-0.05460999999999999,0.0004150000000000542,2023-02-24 09:36:48.672097,-0.013139000000000012,0.019107999999999903,2023-02-24 15:02:08.352658,-0.031001,0.004153999999999991,2023-02-24 15:01:54.351912
-0.02874199999999999,0.008307999999999982,2023-02-24 09:36:27.712776,-0.012933999999999946,0.011839000000000044,2023-02-24 14:56:12.543324,-0.04126599999999997,0.0070629999999999304,2023-02-24 14:56:02.618203
-0.05748399999999998,0.005816000000000043,2023-02-24 09:36:06.573016,-0.009855000000000003,0.02346999999999999,2023-02-24 14:55:54.176714,-0.03058999999999995,0.006022000000000083,2023-02-24 14:55:44.983362
-0.05235200000000001,0.0062309999999999865,2023-02-24 09:35:48.133959,-0.013754999999999962,0.02346999999999999,2023-02-24 14:55:38.101463,-0.03408,0.007476999999999956,2023-02-24 14:55:28.884125
-0.050709000000000004,0.003946000000000005,2023-02-24 09:35:27.643313,-0.014986999999999973,0.021599999999999953,2023-02-24 14:55:20.585636,-0.029974,-0.00581799999999999,2023-02-24 14:55:11.580242
-0.052968000000000015,0.004569999999999963,2023-02-24 09:35:12.804874,-0.009853999999999974,0.020770000000000066,2023-02-24 14:55:05.491883,-0.028947999999999974,-0.02721000000000018,2023-02-24 14:54:56.319361
-0.042291999999999996,0.016407999999999978,2023-02-24 09:34:53.874357,-0.01272899999999999,0.019731000000000054,2023-02-24 14:54:42.797153,-0.03161599999999998,-0.00041599999999997195,2023-02-24 14:54:28.636049
-0.054199,-0.003946000000000005,2023-02-24 09:34:39.324791,-0.013959999999999972,0.020769999999999955,2023-02-24 14:54:19.922079,-0.029357999999999995,0.0022899999999999032,2023-02-24 14:54:08.685128
-0.06179599999999996,-0.007892999999999928,2023-02-24 09:34:18.085218,-0.013344000000000023,0.027001000000000053,2023-02-24 14:53:59.283975,-0.052556999999999965,0.015788999999999942,2023-02-24 14:53:47.474043
-0.04886099999999999,-0.004569000000000045,2023-02-24 09:34:01.489452,-0.013139000000000012,0.025131000000000014,2023-02-24 14:53:37.574629,-0.03756999999999999,0.011216000000000004,2023-02-24 14:53:27.247983
-0.05214599999999997,-0.006646000000000041,2023-02-24 09:33:44.964957,-0.013549000000000033,0.015368999999999966,2023-02-24 14:53:21.083645,-0.032436999999999994,0.0018700000000000383,2023-02-24 14:53:10.906494
-0.04721900000000001,-0.0012469999999999981,2023-02-24 09:33:25.975663,-0.014576999999999951,0.018900000000000028,2023-02-24 14:53:01.542458,-0.03120600000000001,0.003118999999999983,2023-02-24 14:52:48.735483
-0.050709000000000004,-0.0020769999999999955,2023-02-24 09:33:08.216020,-0.009444000000000008,0.013293,2023-02-24 14:52:42.131372,-0.036748,-0.0031200000000000117,2023-02-24 14:52:31.968795
-0.05358299999999999,0.008099999999999996,2023-02-24 09:32:54.596157,-0.013139000000000012,0.024923999999999946,2023-02-24 14:52:22.587747,-0.043934999999999946,0.008931000000000022,2023-02-24 14:52:08.897640
-0.051736000000000004,0.006438000000000055,2023-02-24 09:32:38.558510,-0.009853999999999974,0.016616000000000075,2023-02-24 14:52:02.981873,-0.030590000000000006,-0.02014999999999989,2023-02-24 14:51:53.768105
-0.05050399999999999,0.006646000000000041,2023-02-24 09:32:21.727120,-0.008006000000000013,0.044447000000000014,2023-02-24 14:51:46.932349,-0.05666299999999996,0.014534999999999965,2023-02-24 14:51:34.236042
-0.05132500000000001,-0.004157999999999995,2023-02-24 09:32:05.477512,-0.011085999999999985,0.0263779999999999,2023-02-24 14:51:27.178383,-0.03798099999999999,0.006024000000000029,2023-02-24 14:51:16.810208
-0.05296799999999996,-0.004985000000000017,2023-02-24 09:31:47.537116,-0.012112999999999985,0.02222400000000002,2023-02-24 14:51:09.861874,-0.03756999999999999,0.0066470000000000695,2023-02-24 14:51:00.167392
-0.052761999999999976,0.006023000000000001,2023-02-24 09:31:27.447650,-0.010675999999999963,0.02429999999999999,2023-02-24 14:50:53.321026,-0.04311299999999996,0.00851500000000005,2023-02-24 14:50:41.278691
-0.05029899999999998,0.005815999999999932,2023-02-24 09:31:10.158011,-0.01046999999999998,0.024923999999999946,2023-02-24 14:50:33.451642,-0.042086999999999986,0.008307999999999982,2023-02-24 14:50:20.467869
-0.05111899999999997,0.008101000000000025,2023-02-24 09:30:55.697562,-0.008417000000000008,0.02346999999999999,2023-02-24 14:50:14.282637,-0.037775,-0.00311500000000009,2023-02-24 14:50:03.538069
-0.047835000000000016,0.008307999999999982,2023-02-24 09:30:39.268827,-0.013755000000000017,0.02056199999999997,2023-02-24 14:49:55.120818,-0.027305000000000024,-0.008099999999999996,2023-02-24 14:49:46.608130
-0.042291999999999996,0.014124000000000025,2023-02-24 09:30:21.968259,-0.012112999999999985,0.033440000000000025,2023-02-24 14:49:37.768677,-0.029563000000000006,0.0016620000000000523,2023-02-24 14:49:25.277910
-0.04721900000000001,0.014332000000000011,2023-02-24 09:30:04.480581,-0.009033000000000013,0.022639999999999993,2023-02-24 14:49:16.861601,-0.026277999999999968,-0.004986999999999964,2023-02-24 14:49:07.915458
-0.04927199999999998,0.008931000000000022,2023-02-24 09:29:48.689130,-0.012112000000000012,0.01869300000000007,2023-02-24 14:49:00.859992,-0.020529999999999993,-0.0054010000000001,2023-02-24 14:48:52.478578
-0.04352299999999998,0.0006230000000000402,2023-02-24 09:29:31.919092,-0.010264999999999969,0.017655000000000087,2023-02-24 14:48:45.049078,-0.02443099999999998,0.005193000000000003,2023-02-24 14:48:32.504871
-0.045165999999999984,0.005400000000000071,2023-02-24 09:29:08.769656,-0.01580799999999999,0.02720800000000001,2023-02-24 14:48:24.506144,-0.029357999999999995,0.011216000000000004,2023-02-24 14:48:12.505478
-0.045370999999999995,0.009346999999999994,2023-02-24 09:28:51.450719,-0.013139000000000012,0.030324000000000018,2023-02-24 14:48:04.607380,-0.03449000000000002,0.014126000000000083,2023-02-24 14:47:53.055787
-0.04619200000000001,0.007685000000000053,2023-02-24 09:28:34.482087,-0.008211999999999997,0.020770000000000066,2023-02-24 14:47:47.111943,-0.03325899999999998,0.007061000000000095,2023-02-24 14:47:35.815945
-0.04865599999999998,0.002906999999999993,2023-02-24 09:28:17.364600,-0.012523000000000006,0.02409300000000003,2023-02-24 14:47:27.919997,-0.04064899999999999,0.008722000000000008,2023-02-24 14:47:16.583385
-0.05317299999999997,0.0033239999999999936,2023-02-24 09:28:03.400285,-0.012728000000000017,0.037800999999999974,2023-02-24 14:47:08.107167,-0.033463999999999994,0.008934000000000109,2023-02-24 14:46:58.275246
-0.04927199999999998,0.008307999999999982,2023-02-24 09:27:39.651513,-0.01149699999999998,0.03427000000000002,2023-02-24 14:46:48.515542,-0.03141100000000002,0.00021000000000004349,2023-02-24 14:46:38.443877
-0.008622000000000019,0.013707999999999942,2023-02-24 09:27:23.101443,-0.013755000000000017,0.023677999999999977,2023-02-24 14:46:31.027214,-0.034284999999999954,0.014126000000000083,2023-02-24 14:46:22.778299
-0.04968299999999998,0.0008310000000000262,2023-02-24 09:27:09.675179,-0.012112999999999985,0.02056199999999997,2023-02-24 14:46:15.855835,-0.02874199999999999,0.003738000000000019,2023-02-24 14:46:04.405733
-0.05214599999999997,0.003322999999999965,2023-02-24 09:26:54.923221,-0.009855000000000003,0.020147000000000026,2023-02-24 14:45:57.303747,-0.03202699999999997,-0.030942999999999943,2023-02-24 14:45:46.386247
-0.041059999999999985,0.011215999999999893,2023-02-24 09:22:26.526042,-0.01170199999999999,0.02347100000000002,2023-02-24 14:45:39.403157,-0.026689000000000018,-0.018488999999999978,2023-02-24 14:45:30.765834
-0.05050399999999999,0.010592999999999964,2023-02-24 09:22:09.415667,-0.01272899999999999,0.02118500000000001,2023-02-24 14:45:24.951732,-0.027510999999999952,0.0006229999999999292,2023-02-24 14:45:16.651842
-0.045987,0.017239000000000004,2023-02-24 09:21:48.486999,-0.015396999999999994,0.019732000000000083,2023-02-24 14:45:08.887933,-0.028125999999999984,0.009974000000000038,2023-02-24 14:44:59.156330
-0.047423999999999966,0.008723000000000036,2023-02-24 09:21:34.316726,-0.013550000000000006,0.023677999999999977,2023-02-24 14:44:50.439595,-0.029563000000000006,0.00664599999999993,2023-02-24 14:44:41.318324
-0.05317299999999997,0.009553999999999951,2023-02-24 09:21:19.557138,-0.013139000000000012,0.021599999999999953,2023-02-24 14:44:33.747671,-0.024224999999999997,0.0008300000000001084,2023-02-24 14:44:24.038793
-0.052146000000000026,0.0064389999999999725,2023-02-24 09:21:04.058650,-0.011290999999999995,0.022222999999999993,2023-02-24 14:44:16.453192,-0.024019999999999986,0.004985000000000017,2023-02-24 14:44:07.364708
-0.052351000000000036,0.011631000000000058,2023-02-24 09:20:46.648622,-0.010675999999999963,0.02118500000000001,2023-02-24 14:44:01.210329,-0.02874199999999999,0.010800000000000032,2023-02-24 14:43:52.204446
-0.05153000000000002,0.008099999999999996,2023-02-24 09:20:31.279271,-0.011907000000000001,0.039463000000000026,2023-02-24 14:43:44.872737,-0.03654299999999999,0.006024000000000029,2023-02-24 14:43:34.483500
-0.04454999999999998,-0.0012459999999999694,2023-02-24 09:18:05.190659,-0.010675999999999963,0.026170000000000027,2023-02-24 14:43:27.047883,-0.03161599999999998,0.013080999999999898,2023-02-24 14:43:17.670372
,,,-0.015192000000000039,0.025546999999999986,2023-02-24 14:43:09.584525,-0.03633800000000004,0.008723000000000036,2023-02-24 14:43:00.920413
,,,-0.012933000000000028,0.01391600000000004,2023-02-24 09:52:37.693315,-0.03243799999999997,0.0022850000000000925,2023-02-24 09:52:28.252635
,,,-0.012317999999999996,0.022638999999999965,2023-02-24 09:52:20.740388,-0.03284799999999999,0.006649999999999934,2023-02-24 09:52:08.761019
,,,-0.015191999999999983,0.013915999999999928,2023-02-24 09:52:02.365022,-0.036543999999999965,-0.016819999999999835,2023-02-24 09:51:51.622263
,,,-0.013139000000000012,0.024301000000000017,2023-02-24 09:51:43.794816,-0.040854999999999975,-0.0014499999999999513,2023-02-24 09:51:33.632798
,,,-0.013755000000000017,0.02222400000000002,2023-02-24 09:51:25.662619,-0.03202699999999997,0.0008299999999999974,2023-02-24 09:51:17.584378
,,,-0.011085999999999985,0.019731000000000054,2023-02-24 09:51:09.219865,-0.03243799999999997,-0.005395999999999956,2023-02-24 09:50:58.944779
,,,-0.013550000000000006,0.01869299999999996,2023-02-24 09:50:51.344986,-0.03408,0.01329199999999997,2023-02-24 09:50:42.812467
,,,-0.012523000000000006,0.02056200000000008,2023-02-24 09:50:35.190352,-0.04003399999999996,0.00996700000000006,2023-02-24 09:50:24.803312
,,,-0.013961000000000001,0.034063000000000065,2023-02-24 09:50:17.415153,-0.03798099999999999,0.01599600000000001,2023-02-24 09:50:09.372778
,,,-0.016218999999999983,0.012253999999999987,2023-02-24 09:50:01.861648,-0.03079499999999996,0.0029080000000000217,2023-02-24 09:49:53.030008
,,,-0.013344999999999996,0.019523999999999986,2023-02-24 09:49:46.288839,-0.03613299999999997,0.009970999999999952,2023-02-24 09:49:36.387001
,,,-0.014986999999999973,0.034062999999999954,2023-02-24 09:49:27.808590,-0.037775,0.01744800000000002,2023-02-24 09:49:19.284849
,,,-0.014166000000000012,0.016615999999999964,2023-02-24 09:49:13.095195,-0.028125999999999984,-0.00518900000000011,2023-02-24 09:49:04.987732
,,,-0.012317999999999996,0.01993900000000004,2023-02-24 09:48:58.312696,-0.033874000000000015,0.0031160000000000077,2023-02-24 09:48:47.080318
,,,-0.012523000000000006,0.019316,2023-02-24 09:48:39.653294,-0.02874199999999999,-0.009560000000000013,2023-02-24 09:48:31.299686
,,,-0.013139000000000012,0.01661900000000005,2023-02-24 09:48:24.404458,-0.029357999999999995,0.0016649999999999165,2023-02-24 09:48:14.330342
,,,-0.01252399999999998,0.02305400000000002,2023-02-24 09:48:08.348440,-0.03408,0.0024930000000000785,2023-02-24 09:47:59.647868
,,,-0.015602999999999978,0.014124000000000025,2023-02-24 09:47:52.330256,-0.034696000000000005,-0.005815000000000015,2023-02-24 09:47:42.709587
,,,-0.012317999999999996,0.017032000000000047,2023-02-24 09:47:35.396934,-0.03305399999999997,0.0045720000000000205,2023-02-24 09:47:26.004092
,,,-0.01272899999999999,0.02056100000000005,2023-02-24 09:47:19.275537,-0.02853699999999998,-0.0006200000000000649,2023-02-24 09:47:11.098418
,,,-0.013344999999999996,0.014954000000000023,2023-02-24 09:47:04.059009,-0.033669000000000004,0.009970000000000034,2023-02-24 09:46:54.539908
,,,-0.013959999999999972,0.01578500000000005,2023-02-24 09:46:48.008147,-0.027920999999999974,-0.00041000000000002146,2023-02-24 09:46:38.819192
,,,-0.013755000000000017,0.03073899999999996,2023-02-24 09:46:31.733352,-0.03408,0.009762000000000048,2023-02-24 09:46:22.531138
,,,-0.009444000000000008,0.01807000000000003,2023-02-24 09:46:15.190763,-0.03120600000000001,-0.011426000000000047,2023-02-24 09:46:06.187302
,,,-0.018066000000000026,0.017239000000000004,2023-02-24 09:45:58.782567,-0.03017900000000001,-0.008514000000000022,2023-02-24 09:45:48.898283
,,,-0.010265000000000024,0.015577000000000063,2023-02-24 09:45:41.930929,-0.03284799999999999,-0.013297999999999921,2023-02-24 09:45:33.796016
,,,-0.014371000000000023,0.018278000000000016,2023-02-24 09:45:27.331420,-0.029563000000000006,-0.008724000000000065,2023-02-24 09:45:15.959881
,,,-0.010265000000000024,0.020770000000000066,2023-02-24 09:45:09.695792,-0.029357999999999995,-0.003530000000000033,2023-02-24 09:44:59.860189
,,,-0.014166000000000012,0.026171000000000055,2023-02-24 09:44:51.025171,-0.04372899999999996,0.016823000000000032,2023-02-24 09:44:40.376186
,,,-0.014576000000000033,0.017239000000000004,2023-02-24 09:44:32.251337,-0.034490999999999994,0.010591999999999935,2023-02-24 09:44:22.284535
,,,-0.014165000000000039,0.017653999999999948,2023-02-24 09:44:14.309812,-0.03284799999999999,-0.004150000000000098,2023-02-24 09:44:05.900995
,,,-0.01745000000000002,0.011216000000000004,2023-02-24 09:43:58.696593,-0.03510599999999997,0.0027039999999999287,2023-02-24 09:43:46.300352
,,,-0.013960000000000028,0.011839999999999962,2023-02-24 09:43:38.959806,-0.03428500000000001,0.003947000000000034,2023-02-24 09:43:29.734978
,,,-0.01272899999999999,0.01807000000000003,2023-02-24 09:43:23.480808,-0.030795000000000017,-0.011009999999999964,2023-02-24 09:43:13.076909
,,,-0.011085999999999985,0.01391600000000004,2023-02-24 09:43:06.553274,-0.029974,-0.010795999999999917,2023-02-24 09:42:57.954029
,,,-0.01252399999999998,0.016407999999999978,2023-02-24 09:42:51.060715,-0.03284799999999999,0.0016620000000000523,2023-02-24 09:42:42.937958
,,,-0.013960000000000028,0.01017800000000002,2023-02-24 09:42:35.559135,-0.03325899999999998,-0.012258999999999909,2023-02-24 09:42:24.739098
,,,-0.010265000000000024,0.017031999999999936,2023-02-24 09:42:18.787521,-0.03490099999999996,-0.012670000000000181,2023-02-24 09:42:08.305808
,,,-0.016423999999999994,0.012462000000000084,2023-02-24 09:42:00.407713,-0.027098999999999984,-0.004357999999999973,2023-02-24 09:41:51.894268
,,,-0.013959999999999972,0.015369999999999995,2023-02-24 09:41:45.254056,-0.03408,0.009762000000000048,2023-02-24 09:41:36.166440
,,,-0.012934000000000001,0.017654999999999976,2023-02-24 09:41:28.859963,-0.030384999999999995,-0.003530000000000033,2023-02-24 09:41:18.733339
,,,-0.013550000000000006,0.01453900000000008,2023-02-24 09:41:10.991916,-0.03264300000000003,0.0016619999999999413,2023-02-24 09:40:59.277228
,,,-0.016218999999999983,0.013085000000000013,2023-02-24 09:38:31.322780,-0.029152999999999984,-0.00975999999999988,2023-02-24 09:38:22.554338
,,,-0.013344999999999996,0.024301000000000017,2023-02-24 09:38:13.884776,-0.04208600000000001,0.0016620000000000523,2023-02-24 09:38:00.051015
,,,-0.01724500000000001,0.028247000000000022,2023-02-24 09:37:51.038659,-0.04372899999999996,0.009970000000000034,2023-02-24 09:37:38.278380
,,,-0.016629999999999978,0.02180800000000005,2023-02-24 09:37:29.826487,-0.039622999999999964,0.004153999999999991,2023-02-24 09:37:19.319134
,,,-0.016423999999999994,0.012669999999999959,2023-02-24 09:37:10.321668,-0.036748999999999976,0.00020799999999998597,2023-02-24 09:37:00.642612
,,,-0.014166000000000012,0.01828200000000013,2023-02-24 09:36:51.450292,-0.04023899999999997,0.003950000000000009,2023-02-24 09:36:39.838583
,,,-0.00020500000000001073,0.023263000000000034,2023-02-24 09:36:30.501478,-0.01704,0.020564000000000138,2023-02-24 09:36:19.594824
,,,-0.01683499999999999,0.019736000000000087,2023-02-24 09:36:09.228612,-0.04475599999999996,0.015784999999999938,2023-02-24 09:35:58.356218
,,,-0.014782000000000017,0.017031999999999936,2023-02-24 09:35:51.135195,-0.039622999999999964,0.0008299999999999974,2023-02-24 09:35:39.209850
,,,-0.01704,0.015993000000000035,2023-02-24 09:35:30.976253,-0.04249700000000001,0.003950000000000009,2023-02-24 09:35:21.478273
,,,-0.014577000000000007,0.013500000000000068,2023-02-24 09:35:15.242658,-0.034079000000000026,-0.008719999999999839,2023-02-24 09:35:05.677912
,,,-0.01580799999999999,0.014745999999999926,2023-02-24 09:34:56.924471,-0.03839100000000001,0.01391600000000004,2023-02-24 09:34:48.339564
,,,-0.011290999999999995,0.017861999999999933,2023-02-24 09:34:41.705558,-0.04003399999999996,0.0018690000000000095,2023-02-24 09:34:31.231027
,,,-0.013549000000000033,0.018485000000000085,2023-02-24 09:34:23.032677,-0.03408,-0.002489999999999881,2023-02-24 09:34:11.451631
,,,-0.013549000000000033,0.013083000000000067,2023-02-24 09:34:04.194904,-0.035516999999999965,-0.004365999999999981,2023-02-24 09:33:55.813138
,,,-0.015191999999999983,0.015162000000000009,2023-02-24 09:33:47.477826,-0.033669000000000004,-0.0010350000000000081,2023-02-24 09:33:36.824868
,,,-0.015396999999999994,0.015577000000000063,2023-02-24 09:33:28.984995,-0.036748999999999976,0.0,2023-02-24 09:33:19.140308
,,,-0.01149699999999998,0.04029399999999994,2023-02-24 09:33:10.958160,-0.03921199999999997,0.010800000000000032,2023-02-24 09:33:02.999994
,,,-0.016013,0.017862000000000045,2023-02-24 09:32:56.799289,-0.03428500000000001,0.004777000000000031,2023-02-24 09:32:47.563954
,,,-0.009855000000000003,0.01744699999999999,2023-02-24 09:32:41.075613,-0.033874000000000015,-0.011834999999999929,2023-02-24 09:32:31.073123
,,,-0.01704,0.014123999999999914,2023-02-24 09:32:24.156448,-0.037980000000000014,0.0018690000000000095,2023-02-24 09:32:14.812163
,,,-0.013755000000000017,0.017862000000000045,2023-02-24 09:32:08.081796,-0.03613299999999997,-0.0027000000000001467,2023-02-24 09:31:56.909900
,,,-0.016629000000000005,0.014954000000000023,2023-02-24 09:31:49.778048,-0.036748999999999976,-0.0014540000000000664,2023-02-24 09:31:39.081411
,,,-0.016834000000000016,0.01869299999999996,2023-02-24 09:31:30.142910,-0.04311300000000001,0.014124000000000025,2023-02-24 09:31:20.624527
,,,-0.01724500000000001,0.012877999999999945,2023-02-24 09:31:12.438703,-0.029974,-0.0049799999999999844,2023-02-24 09:31:04.637463
,,,-0.013755000000000017,0.013708000000000053,2023-02-24 09:30:58.332844,-0.03264299999999998,-0.0047800000000000065,2023-02-24 09:30:49.502251
,,,-0.019093000000000027,0.013293,2023-02-24 09:30:41.556609,-0.033053,0.004361999999999977,2023-02-24 09:30:32.643805
,,,-0.013755000000000017,0.015790000000000082,2023-02-24 09:30:24.663558,-0.033669000000000004,0.007893000000000039,2023-02-24 09:30:14.391845
,,,-0.01375599999999999,0.02056099999999994,2023-02-24 09:30:07.219447,-0.039417000000000035,0.01267000000000007,2023-02-24 09:29:57.876579
,,,-0.014166000000000012,0.02160099999999998,2023-02-24 09:29:51.033768,-0.03962199999999999,0.009350999999999998,2023-02-24 09:29:41.273492
,,,-0.017861000000000016,0.014954000000000023,2023-02-24 09:29:34.061653,-0.033053,-0.0027039999999999287,2023-02-24 09:29:21.728164
,,,-0.01847700000000002,0.022432000000000007,2023-02-24 09:29:11.687704,-0.04372899999999996,0.016616000000000075,2023-02-24 09:29:00.968929
,,,-0.016423999999999994,0.010389000000000093,2023-02-24 09:28:53.726831,-0.03592699999999999,0.004984999999999906,2023-02-24 09:28:45.269896
,,,-0.014164999999999983,0.01620100000000002,2023-02-24 09:28:37.135966,-0.03264299999999998,0.003950000000000009,2023-02-24 09:28:27.579974
,,,-0.014371000000000023,0.010176999999999992,2023-02-24 09:28:19.923738,-0.032436999999999994,-0.0010379999999999834,2023-02-24 09:28:12.178093
,,,-0.011907000000000001,0.016615999999999964,2023-02-24 09:28:06.239584,-0.03408,-0.008306000000000036,2023-02-24 09:27:54.612576
,,,-0.016629000000000005,0.011008000000000018,2023-02-24 09:27:44.279250,-0.036133000000000026,0.01869300000000007,2023-02-24 09:27:33.509551
,,,-0.014576000000000033,0.012669999999999959,2023-02-24 09:27:25.577640,-0.027304999999999968,0.013498999999999928,2023-02-24 09:27:17.617803
,,,-0.013755000000000017,0.009761999999999937,2023-02-24 09:27:12.261464,-0.03449000000000002,0.0,2023-02-24 09:27:04.054791
,,,-0.01272899999999999,0.017239000000000004,2023-02-24 09:26:57.541236,-0.03325899999999998,-0.008520000000000083,2023-02-24 09:26:46.902671
,,,-0.011290999999999995,0.015988000000000002,2023-02-24 09:22:29.152582,-0.03182200000000002,-0.009969999999999812,2023-02-24 09:22:19.863274
,,,-0.011907000000000001,0.017032000000000047,2023-02-24 09:22:12.149928,-0.04454999999999998,0.012669999999999959,2023-02-24 09:21:58.841028
,,,-0.014371000000000023,0.01765400000000006,2023-02-24 09:21:50.906401,-0.04270200000000002,0.01204700000000003,2023-02-24 09:21:42.974263
,,,-0.014371000000000023,0.011008999999999936,2023-02-24 09:21:36.920827,-0.03551599999999999,0.006854000000000027,2023-02-24 09:21:28.819528
